recorder,station_number,district_code,station_name,opened,closed,lat,lon,pos_method,state,stat_height,barom_height,WMO_number,first_year,last_year,percent_complete,percent_Y,percent_N,percent_W,percent_S,percent_I,end_line
st,027045,27,WEIPA AERO,03/1972,"",-12.6778,141.9208,GPS,QLD,18,18.6,94170,2004,2022,98,99,1,0,*,*,#
st,027054,27,COCONUT ISLAND,01/1987,"",-10.0511,143.0686,GPS,QLD,3.5,4,94182,2011,2022,95,99,*,0,*,0,#
st,027058,27,HORN ISLAND,01/1995,"",-10.5844,142.29,GPS,QLD,4,5,94174,2009,2022,99,99,*,0,*,*,#
st,027073,27,COEN AIRPORT,06/2002,"",-13.7606,143.1183,GPS,QLD,159.3,160.1,94183,2011,2022,99,99,*,0,*,*,#
st,027075,27,SCHERGER RAAF,12/2005,"",-12.6167,142.0869,GPS,QLD,39.3,40.1,94171,2010,2022,97,99,*,0,*,*,#
st,028004,28,PALMERVILLE,01/1889,"",-15.9999,144.0754,GPS,QLD,203.8,204.7,94276,2013,2022,97,99,*,0,*,1,#
st,028008,28,LOCKHART RIVER AIRPORT,01/1956,"",-12.785,143.3047,GPS,QLD,18.5,17.8,94186,2011,2022,88,99,*,0,*,*,#
st,029038,29,KOWANYAMA AIRPORT,01/1912,"",-15.4818,141.7483,GPS,QLD,9.6,10.8,94268,2011,2022,98,99,*,0,*,*,#
st,029039,29,MORNINGTON ISLAND,01/1914,"",-16.664,139.1837,GPS,QLD,8.5,,99116,2003,2015,59,98,2,0,*,*,#
st,029058,29,JULIA CREEK AIRPORT,08/2001,"",-20.6672,141.7214,GPS,QLD,122.5,123.4,94337,2011,2022,99,99,*,0,*,*,#
st,029063,29,NORMANTON AIRPORT,04/2001,"",-17.6872,141.0733,GPS,QLD,18.4,18.9,94266,2011,2022,98,99,*,0,*,*,#
st,029077,29,BURKETOWN AIRPORT,10/2001,"",-17.7483,139.5356,GPS,QLD,5.7,6.4,94260,2011,2022,99,99,*,0,*,*,#
st,029127,29,MOUNT ISA AERO,12/1966,"",-20.6778,139.4875,GPS,QLD,340.3,341,94332,2003,2022,98,99,1,0,*,*,#
st,029141,29,CLONCURRY AIRPORT,12/1978,"",-20.6664,140.505,GPS,QLD,186,186.8,94335,2011,2022,99,99,*,0,*,*,#
st,029167,29,CENTURY MINE,04/2003,"",-18.7569,138.7056,GPS,QLD,126.8,127,94261,2011,2022,99,99,*,0,*,*,#
st,029181,29,LAKE JULIUS AWS,07/2013,"",-20.1167,139.7256,GPS,QLD,237,,94348,2013,2022,93,99,*,0,*,0,#
st,029182,29,MORNINGTON ISLAND AIRPORT,10/2013,"",-16.662,139.1655,GPS,QLD,9.5,11.5,94254,2013,2022,99,99,*,0,*,*,#
st,030022,30,HUGHENDEN AIRPORT,02/2001,"",-20.8192,144.2333,GPS,QLD,316.4,317.3,94343,2011,2022,97,99,*,0,*,*,#
st,030124,30,GEORGETOWN AIRPORT,05/2004,"",-18.3039,143.5306,GPS,QLD,301.8,302.5,94274,2011,2022,98,99,*,0,*,*,#
st,030161,30,RICHMOND AIRPORT,02/1998,"",-20.7001,143.1137,GPS,QLD,206.3,207,94341,2011,2022,98,99,*,0,*,*,#
st,031011,31,CAIRNS AERO,05/1941,"",-16.8736,145.7458,GPS,QLD,2.2,2.6,94287,2001,2022,95,99,1,0,*,*,#
st,031037,31,LOW ISLES LIGHTHOUSE,01/1887,"",-16.3842,145.5592,GPS,QLD,2.9,3.9,94285,2010,2022,97,99,*,0,*,*,#
st,031192,31,GREEN ISLAND,10/1992,06/2010,-16.7614,145.9719,"",QLD,3,3,,2003,2010,97,97,3,0,*,0,#
st,031209,31,COOKTOWN AIRPORT,06/2000,"",-15.4461,145.1861,GPS,QLD,4.8,5.7,95283,2011,2022,99,99,*,0,*,*,#
st,031210,31,MAREEBA AIRPORT,06/2000,"",-17.0704,145.4293,GPS,QLD,471.9,473.1,95286,2011,2022,99,99,*,0,*,*,#
st,031213,31,CAPE FLATTERY,06/2003,"",-14.9672,145.3106,GPS,QLD,18.5,19.3,94188,2011,2022,98,99,*,0,*,*,#
st,031222,31,CAIRNS RACECOURSE,08/2013,"",-16.9463,145.7474,"",QLD,4.1,,94288,2013,2022,99,99,*,0,*,*,#
st,031225,31,SMITHFIELD (CAIRNS AERO),11/2011,"",-16.8289,145.7088,GPS,QLD,16,,99149,2019,2022,99,98,2,0,0,0,#
st,032037,32,SOUTH JOHNSTONE EXP STN,01/1920,"",-17.6053,145.9972,GPS,QLD,18.3,18.6,95292,2011,2022,89,99,*,0,*,*,#
st,032040,32,TOWNSVILLE AERO,01/1940,"",-19.2483,146.7661,GPS,QLD,4.3,4.6,94294,2001,2022,96,99,1,0,*,*,#
st,032141,32,LUCINDA POINT,01/1980,"",-18.5203,146.3861,GPS,QLD,10,10,94295,2013,2022,99,99,*,0,*,*,#
st,032182,32,CAPE FERGUSON NTC AWS,09/1991,"",-19.2774,147.0586,MAP 1:250 000,QLD,0,6.8,94297,2009,2022,97,99,*,0,*,*,#
st,032194,32,COWLEY BEACH (DEFENCE),03/2017,"",-17.6905,146.1126,SURVEY,QLD,4.3,4.8,99218,2017,2022,99,99,*,0,*,0,#
st,032195,32,MOUNT STUART (DEFENCE),09/2017,"",-19.4082,146.762,SURVEY,QLD,176.4,176.6,94272,2017,2022,99,99,*,0,*,0,#
st,032196,32,TOWNSVILLE- AIR WEAPONS RANGE (DEFENCE),08/2017,"",-19.3048,146.2438,SURVEY,QLD,385.5,386,94271,2017,2022,91,99,*,0,*,0,#
st,032197,32,INNISFAIL AERODROME,06/2016,"",-17.5581,146.0119,GPS,QLD,11.8,12.7,94280,2016,2022,99,99,*,0,*,1,#
st,033002,33,AYR DPI RESEARCH STN,01/1951,"",-19.6169,147.3758,GPS,QLD,17,,95295,2011,2022,98,99,*,0,*,*,#
st,033045,33,MACKAY AERO,01/1950,"",-21.1706,149.1794,GPS,QLD,5.3,5,95367,2004,2022,95,99,1,0,*,*,#
st,033106,33,HAMILTON ISLAND AIRPORT,03/2002,"",-20.3658,148.9536,GPS,QLD,58.7,59.4,94368,2011,2022,98,99,*,0,*,*,#
st,033119,33,MACKAY M.O,01/1959,"",-21.1172,149.2169,GPS,QLD,30.3,30.3,94367,2001,2022,96,99,1,0,*,*,#
st,033195,33,WILLIAMSON,05/2005,"",-22.4703,150.1786,GPS,QLD,27.6,28.1,95370,2014,2022,97,99,*,0,*,*,#
st,033208,33,ROSSLYN BAY NTC AWS,06/1992,"",-23.161,150.7901,GPS,QLD,0,2.6,95298,2009,2022,98,99,*,0,*,*,#
st,033210,33,ST LAWRENCE,08/2004,"",-22.3472,149.5242,GPS,QLD,9.2,9.9,95369,2011,2022,99,99,*,0,*,*,#
st,033247,33,PROSERPINE AIRPORT,01/1978,"",-20.4925,148.555,GPS,QLD,19.7,20.3,94365,2011,2022,99,99,*,0,*,*,#
st,033294,33,YEPPOON THE ESPLANADE,11/1993,"",-23.1364,150.7506,GPS,QLD,5.5,5.8,94373,2011,2022,99,99,*,0,*,*,#
st,037010,37,CAMOOWEAL TOWNSHIP,01/1891,"",-19.9225,138.1214,GPS,QLD,231.2,231.5,94255,2011,2022,99,99,*,0,*,*,#
st,037034,37,THE MONUMENT AIRPORT,12/2000,"",-21.8125,139.9267,GPS,QLD,288.4,289.1,94336,2011,2022,98,99,*,0,*,*,#
st,037036,37,TREPELL AIRPORT,08/2001,"",-21.84,140.8925,GPS,QLD,266.2,267.1,94338,2011,2022,98,99,*,0,*,0,#
st,037039,37,WINTON AIRPORT,10/2002,"",-22.3617,143.0836,GPS,QLD,192.2,193.2,94342,2011,2022,98,99,*,0,*,0,#
st,037053,37,CARTERS BORE,07/2014,"",-20.9358,139.2964,GPS,QLD,396,,94347,2014,2022,99,99,*,0,*,0,#
st,037058,37,URANDANGI AERODROME,09/2012,"",-21.5979,138.3665,GPS,QLD,178.6,179.4,94344,2012,2022,95,99,*,0,*,0,#
st,037059,37,NEW MAY DOWNS,08/2013,"",-20.59,139.3411,GPS,QLD,392,,94349,2013,2022,99,99,*,0,*,0,#
st,038003,38,BOULIA AIRPORT,01/1886,"",-22.9117,139.9039,GPS,QLD,161.8,158.3,94333,2016,2022,-10,90,0,0,0,10,#
st,038026,38,BIRDSVILLE AIRPORT,06/2000,"",-25.8975,139.3472,GPS,QLD,46.6,47,95482,2011,2022,99,99,*,0,*,*,#
st,038076,38,WINDORAH AIRPORT,08/2016,"",-25.4117,142.6647,GPS,QLD,132.2,133,94489,2016,2022,97,99,*,0,*,0,#
st,039059,39,LADY ELLIOT ISLAND,01/1939,"",-24.1116,152.7161,GPS,QLD,3.6,4.2,94388,2014,2022,91,99,*,0,*,*,#
st,039066,39,GAYNDAH AIRPORT,01/2003,"",-25.6167,151.6156,GPS,QLD,110.9,111.6,95543,2010,2022,99,99,*,0,*,*,#
st,039083,39,ROCKHAMPTON AERO,01/1939,"",-23.3753,150.4775,GPS,QLD,10.4,10.5,94374,2001,2022,97,99,1,0,*,*,#
st,039089,39,THANGOOL AIRPORT,01/1929,"",-24.4935,150.5709,SURVEY,QLD,193.1,193.8,94376,2011,2022,98,99,*,0,*,*,#
st,039122,39,HERON ISLAND RES STN,01/1956,"",-23.4417,151.9125,GPS,QLD,3.3,5.7,94386,2021,2022,94,98,2,0,*,0,#
st,033295,33,ALVA BEACH,02/1997,"",-19.4569,147.4833,GPS,QLD,7.5,7.8,95296,2011,2022,99,99,*,0,*,*,#
st,033307,33,WOOLSHED,06/1998,"",-19.4168,146.5362,GPS,QLD,556,556.5,95293,2011,2022,97,99,*,0,*,1,#
st,033308,33,SAMUEL HILL AERO,02/1997,"",-22.7433,150.6578,GPS,QLD,31,31.5,94370,2010,2022,98,99,*,0,*,*,#
st,033317,33,HAY POINT,11/2005,"",-21.2894,149.3008,GPS,QLD,7,,99367,2005,2022,97,97,3,0,*,0,#
st,033327,33,BOWEN AIRPORT AWS,03/2015,"",-20.0153,148.2138,SURVEY,QLD,5.9,6.4,94383,2015,2022,97,99,*,0,*,*,#
st,033328,33,TOWNSVILLE- FANNING RIVER (DEFENCE),08/2017,"",-19.783,146.5,SURVEY,QLD,325.8,326.3,94273,2017,2022,99,99,*,0,*,*,#
st,033329,33,OORALEA RACECOURSE (MACKAY TURF CLUB),06/2016,"",-21.17,149.1515,SURVEY,QLD,10.3,,94352,2016,2022,98,99,*,0,*,0,#
st,034035,34,MORANBAH AIRPORT,02/2012,"",-22.0644,148.0758,GPS,QLD,232.2,232.9,94397,2012,2022,99,99,*,0,*,0,#
st,035124,35,CLERMONT AIRPORT,04/2010,"",-22.7756,147.6217,GPS,QLD,270.3,270.9,94395,2010,2022,98,99,*,0,*,*,#
st,035129,35,ROLLESTON AIRPORT,07/2010,"",-24.4617,148.6264,GPS,QLD,219.5,220.2,94396,2010,2022,96,99,*,0,*,*,#
st,035134,35,BLACKWATER AIRPORT,05/2013,"",-23.6015,148.8074,GPS,QLD,193,193.5,94398,2013,2022,99,99,*,0,*,*,#
st,035139,35,LOCHINGTON,10/2010,"",-23.9424,147.525,GPS,QLD,267.2,267.9,94399,2010,2022,98,99,*,0,*,*,#
st,035264,35,EMERALD AIRPORT,01/1981,"",-23.5694,148.1756,GPS,QLD,189.4,190.1,94363,2011,2022,99,99,*,0,*,*,#
st,036031,36,LONGREACH AERO,01/1949,"",-23.4397,144.2828,GPS,QLD,192.2,192.5,94346,2001,2022,98,99,1,0,*,*,#
st,036034,36,BLACKALL AIRPORT,03/2001,"",-24.4303,145.4306,GPS,QLD,281.3,282,95351,2009,2022,99,99,*,0,*,*,#
st,039123,39,GLADSTONE RADAR,01/1957,"",-23.8553,151.2628,GPS,QLD,74.5,75.2,94380,2003,2022,97,99,1,0,*,*,#
st,039128,39,BUNDABERG AERO,01/1942,"",-24.9069,152.323,SURVEY,QLD,30.8,31.5,94387,2010,2022,98,99,*,0,*,*,#
st,039322,39,RUNDLE ISLAND,10/1994,"",-23.5322,151.2771,GPS,QLD,19.8,20.4,94378,2004,2022,79,99,1,0,*,*,#
st,039326,39,GLADSTONE AIRPORT,10/1993,"",-23.8697,151.2214,GPS,QLD,16.6,16.9,94381,2003,2022,99,99,1,0,*,*,#
st,040004,40,AMBERLEY AMO,01/1941,"",-27.6297,152.7111,GPS,QLD,24.2,24.9,94568,2000,2022,98,95,5,0,*,*,#
st,040043,40,CAPE MORETON LIGHTHOUSE,01/1869,"",-27.0314,153.4661,GPS,QLD,99.9,100.8,94594,2004,2022,98,99,1,0,*,*,#
st,040068,40,DOUBLE ISLAND POINT LIGHTHOUSE,01/1891,"",-25.9319,153.1906,GPS,QLD,95.6,95.7,94584,2004,2022,97,99,1,0,*,*,#
st,040082,40,UNIVERSITY OF QUEENSLAND GATTON,01/1897,"",-27.5436,152.3375,GPS,QLD,89,,94562,2010,2022,95,99,*,0,*,*,#
st,040093,40,GYMPIE,01/1870,"",-26.1831,152.6414,GPS,QLD,64.5,65,94566,2010,2022,99,99,*,0,*,*,#
st,040126,40,MARYBOROUGH,01/1870,"",-25.5132,152.7152,SURVEY,QLD,9,9.6,94567,2011,2022,99,99,*,0,*,*,#
st,040211,40,ARCHERFIELD AIRPORT,04/1929,"",-27.5716,153.0071,GPS,QLD,12.5,13,94575,2000,2022,99,95,5,0,*,*,#
st,040284,40,BEERBURRUM FOREST STATION,01/1898,"",-26.9586,152.9619,GPS,QLD,48,,95566,2018,2022,99,99,*,0,*,*,#
st,040405,40,HERVEY BAY AIRPORT,03/1999,"",-25.322,152.8817,GPS,QLD,13,13,95565,2011,2022,99,99,*,0,*,*,#
st,040555,40,TOOLARA (KELLY),10/1997,04/2017,-25.9713,152.8609,GPS,QLD,143,,94558,2004,2015,98,98,2,0,*,*,#
st,040717,40,COOLANGATTA,01/1982,"",-28.1681,153.5053,GPS,QLD,4,4.7,94592,2003,2022,99,99,1,0,*,*,#
st,040764,40,GOLD COAST SEAWAY,01/1987,"",-27.939,153.4283,GPS,QLD,3,4.2,94580,2000,2022,98,94,6,0,*,*,#
st,040842,40,BRISBANE AERO,12/1992,"",-27.3917,153.1292,GPS,QLD,4.5,9.5,94578,2000,2022,98,95,5,0,*,*,#
st,040861,40,SUNSHINE COAST AIRPORT,06/1994,"",-26.599,153.0912,SURVEY,QLD,3.4,3.7,94569,2008,2022,99,99,*,0,*,*,#
st,040908,40,TEWANTIN RSL PARK,12/1995,"",-26.3911,153.0403,"",QLD,6.4,7.5,94570,2011,2022,99,99,*,0,*,*,#
st,040913,40,BRISBANE,12/1999,"",-27.4808,153.0389,GPS,QLD,8.1,8.3,94576,2000,2022,99,93,6,0,*,*,#
st,040922,40,KINGAROY AIRPORT,01/2001,"",-26.5737,151.8398,GPS,QLD,433.7,434.5,94549,2011,2022,93,99,*,0,*,*,#
st,040925,40,BANANA BANK NORTH BEACON,08/2002,"",-27.5327,153.3333,GPS,QLD,7,,94591,2002,2022,93,98,2,0,*,*,#
st,040926,40,INNER RECIPROCAL MARKER,07/2002,"",-27.2633,153.2419,GPS,QLD,10,,94590,2002,2022,92,97,3,0,*,0,#
st,040927,40,SPITFIRE CHANNEL BEACON,07/2002,"",-27.0481,153.2664,GPS,QLD,7,,94581,2002,2020,98,97,3,0,*,0,#
st,040958,40,REDCLIFFE,02/2003,"",-27.2169,153.0922,GPS,QLD,12.6,13.1,95591,2004,2022,99,99,1,0,*,*,#
st,040983,40,BEAUDESERT DRUMLEY STREET,08/2007,"",-27.9707,152.9898,GPS,QLD,47.8,48.4,95575,2011,2022,99,99,*,0,*,*,#
st,040987,40,GOLD COAST SAND BYPASS JETTY,06/2009,"",-27.9387,153.4326,GPS,QLD,,,,2009,2022,98,98,2,0,0,0,#
st,040988,40,NAMBOUR DAFF - HILLSIDE,12/2007,"",-26.6442,152.9383,GPS,QLD,53.2,54,95572,2010,2022,99,99,*,0,*,*,#
st,041097,41,INGLEWOOD FOREST,02/2000,12/2014,-28.3661,150.9539,Unknown,QLD,379,,,2011,2014,99,99,*,0,*,*,#
st,041175,41,APPLETHORPE,11/1965,"",-28.6217,151.9533,GPS,QLD,871.6,872.6,94553,2010,2022,99,99,*,0,*,*,#
st,041359,41,OAKEY AERO,01/1970,"",-27.4034,151.7413,GPS,QLD,405.7,407.1,94552,2003,2022,98,99,1,0,*,*,#
st,041522,41,DALBY AIRPORT,01/1992,"",-27.1605,151.2633,SURVEY,QLD,345.9,346.3,94542,2011,2022,99,99,*,0,*,*,#
st,041525,41,WARWICK,01/1994,"",-28.2061,152.1003,GPS,QLD,475.4,475.8,94555,2011,2022,99,99,*,0,*,*,#
st,041529,41,TOOWOOMBA AIRPORT,06/1996,"",-27.5425,151.9134,GPS,QLD,640.9,641.5,95551,2009,2022,99,99,*,0,*,*,#
st,041560,41,GOONDIWINDI AIRPORT,12/2020,"",-28.5226,150.3223,GPS,QLD,216.5,217.1,99468,2020,2022,99,99,1,0,*,0,#
st,042112,42,MILES CONSTANCE STREET,07/1997,"",-26.6569,150.1819,GPS,QLD,304.8,305.2,95529,2011,2022,98,99,*,0,*,*,#
st,043091,43,ROMA AIRPORT,01/1985,"",-26.5477,148.771,Unknown,QLD,307.4,307.8,94515,2011,2022,99,99,*,0,*,*,#
st,043109,43,ST GEORGE AIRPORT,05/1997,"",-28.0478,148.5957,GPS,QLD,198.5,199.1,94517,2011,2022,99,99,*,0,*,*,#
st,044021,44,CHARLEVILLE AERO,01/1942,"",-26.4139,146.2558,GPS,QLD,301.6,303.3,94510,2003,2022,98,99,1,0,*,*,#
st,045009,45,BALLERA GAS FIELD,08/1998,"",-27.4008,141.8114,GPS,QLD,114.5,115.2,95487,2016,2022,97,99,*,0,*,*,#
st,045025,45,THARGOMINDAH AIRPORT,07/1999,"",-27.9867,143.815,GPS,QLD,130.9,131.4,95492,2011,2022,94,99,*,0,*,*,#
st,045068,45,JACKSON AIRSERVICES AUSTRALIA,10/2010,"",-27.578,142.3792,Unknown,QLD,193,193,99488,2012,2022,98,99,1,0,*,0,#
st,140007,40,REDLAND (ALEXANDRA HILLS),08/2015,"",-27.5433,153.2394,GPS,QLD,50.5,,94561,2015,2022,99,99,*,0,*,*,#
st,140008,40,CANUNGRA (DEFENCE),03/2018,"",-28.0437,153.1871,SURVEY,QLD,108.1,,94418,2018,2022,99,99,*,0,*,*,#
st,140009,40,GREENBANK (DEFENCE),03/2018,"",-27.6932,152.9935,SURVEY,QLD,41.5,,94419,2018,2022,99,99,*,0,*,0,#
st,140010,40,TIN CAN BAY (DEFENCE),03/2018,"",-25.9351,152.9647,SURVEY,QLD,31.3,,94420,2018,2022,99,99,*,0,*,0,#
st,200001,200,MIDDLE PERCY ISLAND,01/1999,"",-21.6628,150.2711,GPS,QLD,208.7,209.4,94372,2008,2022,98,99,*,0,*,*,#
st,200283,200,WILLIS ISLAND,11/1921,"",-16.2878,149.9652,GPS,QLD,9.3,9.8,94299,2003,2022,73,99,*,0,*,*,#
st,200601,200,CATO ISLAND,09/1966,"",-23.2503,155.542,GPS,QLD,6.3,7.3,94394,2013,2022,96,99,*,0,*,0,#
st,200701,200,FREDERICK REEF,10/1968,"",-20.9375,154.4019,"",QLD,4.9,12.8,94393,2013,2022,78,99,*,0,*,*,#
st,200704,200,MARION REEF,10/1971,"",-19.0964,152.3892,"",QLD,2,7.6,94298,2013,2022,97,99,*,0,*,*,#
st,200732,200,HOLMES REEF,09/1972,"",-16.4683,147.8734,GPS,QLD,1.9,6.3,94289,2013,2022,88,99,*,0,*,*,#
st,200736,200,CREAL REEF,06/1972,"",-20.5303,150.3773,GPS,QLD,1.7,6.3,94371,2013,2022,89,99,*,0,*,0,#
st,200783,200,FLINDERS REEF,06/1970,"",-17.7195,148.4478,GPS,QLD,2.6,6.5,94290,2013,2022,95,99,*,0,*,*,#
st,200831,200,GANNET CAY,07/1972,"",-21.9769,152.4707,GPS,QLD,2.3,8.4,94379,2013,2022,97,99,*,0,*,*,#
st,200840,200,BOUGAINVILLE REEF,11/1992,"",-15.4877,147.1183,SURVEY,QLD,0,13,95288,2013,2022,88,99,*,0,*,*,#
st,200879,200,ARLINGTON REEF,04/2010,"",-16.7226,146.1124,SURVEY,QLD,0,8.5,94284,2010,2022,99,99,*,0,*,0,#
st,200880,200,LIHOU REEF LIGHTHOUSE,10/2009,"",-17.133,152.145,Unknown,QLD,10.3,9.8,94293,2009,2022,57,99,*,0,*,*,#
st,200896,40,NORTH WEST 10 BEACON,03/2021,"",-27,153.242,GPS,QLD,7,,99496,2021,2022,97,98,2,0,*,0,#
st,200897,40,HOPE BANKS BEACON,04/2021,"",-27.4344,153.2904,Unknown,QLD,7,,99497,2021,2022,99,98,2,0,*,0,#
st,046012,46,WILCANNIA AERODROME AWS,01/2000,"",-31.5194,143.385,GPS,NSW,94.3,94.9,95695,2012,2022,99,99,*,0,*,*,#
st,046126,46,TIBOOBURRA AIRPORT,09/1997,"",-29.4448,142.0567,GPS,NSW,176.4,177.1,95485,2012,2022,97,99,*,0,*,*,#
st,046128,46,FOWLERS GAP AWS,10/2004,"",-31.0863,141.7008,GPS,NSW,181,181.5,94686,2013,2022,96,99,*,0,*,*,#
st,046129,46,WHITE CLIFFS AWS,07/2005,"",-30.8522,143.0743,GPS,NSW,158,158.5,95699,2012,2022,97,99,*,0,*,*,#
st,046136,46,WANAARING (BORRONA DOWNS AWS),07/2017,"",-29.7614,143.1135,GPS,NSW,121,,94407,2017,2022,94,99,1,0,*,0,#
st,046137,46,BOULLIA,06/2017,"",-30.0708,141.8795,GPS,NSW,100,,99785,2017,2022,98,97,3,0,0,0,#
st,046138,46,WHITE CLIFFS (CAWNALMURTEE),06/2017,"",-30.5807,143.3528,GPS,NSW,146,,99781,2017,2022,62,96,4,0,0,0,#
st,046139,46,GRASMERE,06/2017,"",-31.4198,142.6258,GPS,NSW,172,,99778,2017,2022,82,98,2,0,0,0,#
st,046140,46,WHITE CLIFFS (MT JACK),06/2017,"",-30.8693,143.7085,GPS,NSW,103,,99780,2017,2022,88,99,1,0,0,0,#
st,046141,46,MOUNT WOOWOOLARAH,06/2017,"",-31.2554,141.2389,GPS,NSW,153,,99779,2017,2022,87,98,2,0,0,0,#
st,046142,46,SMITHVILLE AWS,07/2017,"",-30.0692,141.0067,GPS,NSW,94,,94796,2017,2022,99,99,*,0,*,*,#
st,046143,46,PACKSADDLE (WESTWOOD DOWNS),06/2017,"",-30.496,141.3335,GPS,NSW,68,,99782,2017,2022,97,97,3,0,0,0,#
st,046144,46,WINNATHEE,06/2017,"",-29.751,141.1105,GPS,NSW,124,,99437,2017,2022,97,97,3,0,0,0,#
st,047048,47,BROKEN HILL AIRPORT AWS,01/1947,"",-32.0012,141.4694,GPS,NSW,281.3,281.7,94691,2009,2022,98,99,*,0,*,*,#
st,047108,47,BURNDOO,06/2017,"",-32.0679,143.65,GPS,NSW,78,,99774,2017,2022,98,97,3,0,0,0,#
st,047109,47,INKERMAN,06/2017,"",-31.9772,142.153,GPS,NSW,120,,99769,2017,2022,97,97,3,0,0,0,#
st,047110,47,NELIA GAARI,06/2017,"",-32.0079,142.8181,GPS,NSW,86,,99775,2017,2022,93,97,3,0,0,0,#
st,047111,47,WENTWORTH (NULLA),06/2017,"",-33.8218,141.3592,GPS,NSW,55,,99770,2017,2022,96,97,3,0,0,0,#
st,047112,47,IVANHOE (OVERNEWTON),06/2017,"",-32.9416,143.5386,GPS,NSW,82,,99771,2017,2022,88,97,3,0,0,0,#
st,047113,47,MULURULU AWS,07/2017,"",-33.3392,143.4,"",NSW,78,,94797,2017,2022,97,99,*,0,*,*,#
st,047114,47,CENTRAL DARLING (TANDOU),06/2017,"",-32.7107,142.1115,GPS,NSW,59,,99773,2017,2022,97,100,0,0,0,0,#
st,048027,48,COBAR MO,01/1962,"",-31.484,145.8294,GPS,NSW,260,260,94711,2001,2022,83,99,1,0,*,*,#
st,048237,48,COBAR AIRPORT AWS,06/1993,"",-31.5388,145.7964,GPS,NSW,218,218,94710,2011,2022,97,99,*,0,*,*,#
st,048245,48,BOURKE AIRPORT AWS,12/1998,"",-30.0362,145.9521,GPS,NSW,107.3,107.8,94703,2008,2022,98,99,*,0,*,*,#
st,048246,48,BURRAWANTIE,05/2017,"",-29.1544,145.4066,GPS,NSW,143,,99439,2017,2022,92,96,4,0,0,0,#
st,048247,48,WANAARING (DELTA AWS),08/2017,"",-30.1006,145.3338,GPS,NSW,109,,95681,2017,2022,99,99,1,0,*,0,#
st,048248,48,GUMBOOKA,05/2017,"",-29.7859,146.2857,GPS,NSW,113,,99436,2017,2022,89,100,0,0,0,0,#
st,048249,48,BYROCK (KNIGHTVALE),05/2017,"",-30.4864,146.3283,GPS,NSW,143,,99784,2017,2022,97,96,4,0,0,0,#
st,048250,48,NOONA AWS,07/2017,"",-31.7267,144.9313,GPS,NSW,179,,94798,2017,2022,99,99,*,0,*,0,#
st,049000,49,IVANHOE AERODROME AWS,02/2000,"",-32.8833,144.3092,GPS,NSW,100,100.5,95697,2012,2022,98,99,*,0,*,*,#
st,055325,55,TAMWORTH AIRPORT AWS,01/1992,"",-31.0742,150.8362,GPS,NSW,394.9,395.9,95762,2008,2022,97,99,*,0,*,*,#
st,056018,56,INVERELL RESEARCH CENTRE,01/1949,"",-29.7752,151.082,GPS,NSW,664,664.3,94541,2004,2022,32,99,*,0,*,*,#
st,056238,56,ARMIDALE AIRPORT AWS,01/1993,"",-30.5273,151.6158,GPS,NSW,1079,1079.6,95773,2010,2022,99,99,*,0,*,1,#
st,056243,56,GLEN INNES AIRPORT AWS,10/1996,"",-29.678,151.694,GPS,NSW,1044.3,1044.9,94588,2006,2022,49,99,*,0,*,*,#
st,058012,58,YAMBA PILOT STATION,01/1877,"",-29.4325,153.3632,GPS,NSW,27.4,27.9,94589,2011,2022,99,99,*,0,*,*,#
st,058077,58,GRAFTON RESEARCH STN,01/1917,"",-29.6224,152.9605,GPS,NSW,25,25.6,95571,2009,2022,96,99,*,0,*,*,#
st,058161,58,GRAFTON AIRPORT AWS,01/1973,"",-29.7583,153.0297,GPS,NSW,25.1,25.7,95570,2010,2022,99,99,*,0,*,*,#
st,058198,58,BALLINA AIRPORT AWS,11/1992,"",-28.8353,153.5585,GPS,NSW,1.3,2.2,94596,2010,2022,99,99,*,0,*,*,#
st,058208,58,CASINO AIRPORT AWS,12/1994,"",-28.8824,153.0618,GPS,NSW,20.9,21.2,94573,2011,2022,99,99,*,0,*,*,#
st,058212,58,EVANS HEAD RAAF BOMBING RANGE AWS,02/1998,"",-29.183,153.3964,GPS,NSW,62.5,63,94598,2011,2022,98,99,*,0,*,*,#
st,058214,58,LISMORE AIRPORT AWS,02/2002,"",-28.8305,153.2601,GPS,NSW,9.2,9.3,94572,2010,2022,90,99,*,0,*,*,#
st,058216,58,BYRON BAY (CAPE BYRON AWS),01/1994,"",-28.6399,153.6358,GPS,NSW,95,98,94599,2010,2022,98,99,*,0,*,*,#
st,059007,59,KEMPSEY AIRPORT AWS,02/2001,"",-31.0711,152.7717,GPS,NSW,13,14,94785,2010,2022,98,99,*,0,*,*,#
st,059040,59,COFFS HARBOUR MO,01/1943,08/2015,-30.3107,153.1187,GPS,NSW,5,6,94791,2003,2015,94,99,1,0,*,*,#
st,059151,59,COFFS HARBOUR AIRPORT,08/2013,"",-30.3189,153.1162,GPS,NSW,3.5,4,95729,2013,2022,99,99,*,0,*,*,#
st,049135,49,KILLALA,05/2017,"",-31.9945,145.9736,GPS,NSW,259,,99776,2017,2022,97,97,3,0,0,0,#
st,049136,49,EUABALONG (MOUNT HOPE AWS),09/2017,"",-32.8261,145.8801,GPS,NSW,209,,95682,2017,2022,99,99,1,0,*,0,#
st,049137,49,WAIKO,06/2017,"",-32.8323,144.4645,GPS,NSW,95,,99772,2017,2022,96,99,1,0,0,0,#
st,050017,50,WEST WYALONG AIRPORT AWS,04/1999,"",-33.9382,147.1962,GPS,NSW,257,257.5,95709,2012,2022,99,99,*,0,*,*,#
st,050137,50,CONDOBOLIN AIRPORT AWS,05/1993,"",-33.0682,147.2133,GPS,NSW,192.6,193.5,95708,2011,2022,99,99,*,0,*,*,#
st,051049,51,TRANGIE RESEARCH STATION AWS,01/1922,"",-31.9861,147.9489,GPS,NSW,215,215.7,95710,2011,2022,99,99,*,0,*,*,#
st,051161,51,COONAMBLE AIRPORT AWS,09/1997,"",-30.9776,148.3798,GPS,NSW,181.3,182,95718,2011,2022,99,99,*,0,*,*,#
st,051162,51,WALGETT (BREWON AWS),05/2017,"",-30.2411,147.5327,GPS,NSW,130,,94793,2017,2022,99,99,*,0,*,*,#
st,051163,51,KEVELINE,06/2017,"",-30.4934,147.9422,GPS,NSW,134,,99783,2017,2022,94,96,4,0,0,0,#
st,051164,51,GIRILAMBONE (OKEH) AWS,05/2017,"",-31.0824,146.9296,GPS,NSW,178,,94794,2017,2022,99,99,*,0,*,*,#
st,052057,52,WEEMELAH (CRINOLYN),05/2017,"",-29.2403,149.1265,GPS,NSW,163,,99438,2017,2022,83,96,4,0,0,0,#
st,052088,52,WALGETT AIRPORT AWS,06/1993,"",-30.0372,148.1223,GPS,NSW,133,134,95715,2011,2022,99,99,*,0,*,*,#
st,053115,53,MOREE AERO,04/1995,"",-29.4898,149.8471,GPS,NSW,213,213.8,95527,2001,2022,84,99,1,0,*,*,#
st,054038,54,NARRABRI AIRPORT AWS,07/2001,"",-30.3154,149.8302,GPS,NSW,229,229.6,95734,2011,2022,98,99,*,0,*,*,#
st,055202,55,GUNNEDAH AIRPORT AWS,09/2001,"",-30.9537,150.2494,GPS,NSW,262.6,263.2,95740,2011,2022,99,99,*,0,*,*,#
st,060139,60,PORT MACQUARIE AIRPORT AWS (COMPARISON),06/1995,03/2022,-31.4335,152.8655,GPS,NSW,4.2,4.9,94786,2011,2022,99,99,*,0,*,*,#
st,060141,60,TAREE AIRPORT AWS,06/1997,"",-31.8895,152.512,GPS,NSW,8,9,95784,2010,2022,99,99,*,0,*,*,#
st,060168,60,PORT MAQUARIE (PORT MACQUARIE AIRPORT AW,10/2020,"",-31.4343,152.8662,GPS,NSW,4.5,5.1,94799,2020,2022,99,99,0,0,*,1,#
st,061055,61,NEWCASTLE NOBBYS SIGNAL STATION AWS,01/1862,"",-32.9184,151.7985,GPS,NSW,33,,94774,2004,2022,92,99,1,0,*,*,#
st,061078,61,WILLIAMTOWN RAAF,01/1942,"",-32.7939,151.8364,GPS,NSW,7.5,7.9,94776,1999,2022,92,92,8,0,*,*,#
st,061087,61,GOSFORD (NARARA RESEARCH STATION) AWS,01/1916,05/2013,-33.3949,151.3289,GPS,NSW,20,,,2011,2013,98,95,0,0,*,5,#
st,061250,61,PATERSON (TOCAL AWS),11/1967,"",-32.6296,151.5919,GPS,NSW,30,,94775,2011,2022,99,99,*,0,*,*,#
st,061260,61,CESSNOCK AIRPORT AWS,06/1968,"",-32.7914,151.3369,"",NSW,66.5,67.2,95771,2010,2022,99,99,*,0,*,*,#
st,061287,61,MERRIWA (ROSCOMMON),02/1969,"",-32.1852,150.1737,GPS,NSW,375,375.5,95754,2011,2022,98,99,*,0,*,*,#
st,061363,61,SCONE AIRPORT AWS,11/1988,"",-32.0335,150.8264,GPS,NSW,221.4,221.9,95758,2010,2022,99,99,*,0,*,*,#
st,061366,61,NORAH HEAD AWS,01/1989,"",-33.2814,151.5766,GPS,NSW,18.8,19.6,95770,1998,2022,90,85,15,0,*,*,#
st,061375,61,MANGROVE MOUNTAIN AWS,06/1994,"",-33.2894,151.2107,GPS,NSW,305,,95774,2010,2022,98,98,*,0,*,2,#
st,061392,61,MURRURUNDI GAP AWS,06/2003,"",-31.7416,150.7937,GPS,NSW,729.4,730,95747,2010,2022,98,99,*,0,*,*,#
st,061412,61,COORANBONG (LAKE MACQUARIE AWS),07/2008,"",-33.0887,151.4636,GPS,NSW,6,6.5,95767,2008,2022,89,99,*,0,*,*,#
st,061425,61,GOSFORD AWS,05/2013,"",-33.4351,151.3614,GPS,NSW,7,,94782,2013,2022,99,99,*,0,*,*,#
st,061428,61,MAITLAND AIRPORT AWS,07/2016,"",-32.7023,151.4881,GPS,NSW,27.5,28.3,94650,2016,2022,98,99,*,0,*,*,#
st,061430,61,SINGLETON DEFENCE AWS,03/2017,"",-32.6976,151.1564,GPS,NSW,125,,99738,2017,2022,99,99,*,0,*,0,#
st,062100,62,NULLO MOUNTAIN AWS,11/1988,"",-32.7244,150.229,GPS,NSW,1130,,94754,2010,2022,98,99,*,0,*,1,#
st,062101,62,MUDGEE AIRPORT AWS,11/1988,"",-32.5628,149.6149,GPS,NSW,471,471.5,94727,2011,2022,99,99,*,0,*,*,#
st,063291,63,BATHURST AIRPORT AWS,01/1988,"",-33.4119,149.654,GPS,NSW,744.5,745,94729,2011,2022,99,99,*,0,*,*,#
st,063292,63,MOUNT BOYCE AWS,01/1989,"",-33.6185,150.2741,GPS,NSW,1080,,94743,2010,2022,99,99,*,0,*,*,#
st,063303,63,ORANGE AIRPORT AWS,03/1996,"",-33.3768,149.1263,GPS,NSW,944.7,945.3,95726,2010,2022,99,99,*,0,*,*,#
st,063308,63,MARRANGAROO (DEFENCE),12/2017,"",-33.4346,150.135,GPS,NSW,955,,95686,2017,2022,99,99,*,0,*,0,#
st,064017,64,COONABARABRAN AIRPORT AWS,07/2001,"",-31.333,149.2699,GPS,NSW,645,645.6,95728,2011,2022,99,99,*,0,*,*,#
st,065068,65,PARKES AIRPORT AWS,01/1941,"",-33.1281,148.2428,GPS,NSW,323.3,324,95717,2010,2022,98,99,*,0,*,*,#
st,065070,65,DUBBO AIRPORT AWS,01/1946,"",-32.2206,148.5753,GPS,NSW,284,285,95719,2011,2022,99,99,*,0,*,*,#
st,065103,65,FORBES AIRPORT AWS,12/1995,"",-33.3627,147.9205,GPS,NSW,230.4,231,94715,2012,2022,98,99,*,0,*,*,#
st,065111,65,COWRA AIRPORT AWS,07/2004,"",-33.8382,148.654,GPS,NSW,300.4,301,95721,2011,2022,99,99,*,0,*,*,#
st,066022,66,FORT DENISON,01/1989,"",-33.8551,151.2254,DEM 3 Sec SRTM,NSW,5,,94769,1998,2022,92,65,35,0,*,*,#
st,066037,66,SYDNEY AIRPORT AMO,01/1929,"",-33.9465,151.1731,SURVEY,NSW,6,5,94767,1998,2022,96,89,11,0,*,*,#
st,066202,66,SYDNEY HARBOUR (CANNAE POINT),08/1997,03/2001,-33.8153,151.2842,"",NSW,20,,,1998,2001,85,2,98,0,*,*,#
st,066203,66,SYDNEY HARBOUR (BOMBORA),09/1997,11/2000,-33.8167,151.2722,"",NSW,2,,,1998,2000,-7,0,100,0,0,0,#
st,066208,66,WATTAMOLLA AWS,06/2007,"",-34.1407,151.1185,GPS,NSW,44,,95752,2007,2022,91,99,1,0,*,*,#
st,066212,66,SYDNEY OLYMPIC PARK AWS (ARCHERY CENTRE),08/2011,"",-33.8338,151.0718,GPS,NSW,4,,95765,2011,2022,99,99,*,0,*,*,#
st,066214,66,SYDNEY (OBSERVATORY HILL),04/2017,"",-33.8593,151.2048,GPS,NSW,43.4,43.9,94768,2017,2022,99,99,*,0,*,*,#
st,067105,67,RICHMOND RAAF,09/1993,"",-33.6004,150.7761,GPS,NSW,19,20,95753,1998,2022,95,89,11,0,*,*,#
st,067108,67,BADGERYS CREEK AWS,10/1995,"",-33.8969,150.7281,GPS,NSW,81.2,82,94752,1998,2022,90,86,14,0,*,*,#
st,067113,67,PENRITH LAKES AWS,08/1995,"",-33.7195,150.6783,GPS,NSW,24.7,,94763,1998,2022,94,82,17,0,*,*,#
st,067117,66,HOLSWORTHY CONTROL RANGE,04/1998,09/2014,-33.9795,150.9254,GPS,NSW,40,,94762,1998,2014,85,75,25,0,*,*,#
st,067119,67,HORSLEY PARK EQUESTRIAN CENTRE AWS,09/1997,"",-33.851,150.8567,GPS,NSW,100,,94760,1998,2022,93,83,17,0,*,*,#
st,068072,68,NOWRA RAN AIR STATION AWS,11/2000,"",-34.9469,150.5353,GPS,NSW,109,105,94750,2011,2022,99,99,*,0,*,*,#
st,068151,68,JERVIS BAY (POINT PERPENDICULAR AWS),05/2001,"",-35.0936,150.8049,GPS,NSW,85,84.1,95940,2011,2022,99,99,*,0,*,*,#
st,068180,68,PORT KEMBLA ABSLMA COMPARISION,01/2007,01/2014,-34.4734,150.9118,"",SA,0,1.3,,2009,2014,99,99,0,0,*,0,#
st,068192,68,CAMDEN AIRPORT AWS,01/1943,"",-34.039,150.689,GPS,NSW,73.9,74.6,94755,2010,2022,99,99,*,0,*,*,#
st,068228,68,BELLAMBI AWS,11/1988,"",-34.3691,150.9291,GPS,NSW,10,,94749,1998,2022,94,88,12,0,*,*,#
st,068236,68,NOWRA RAN AIR STATION (NORTH ANEMOMETER),09/2013,"",-34.9369,150.5479,GPS,NSW,115,,99745,2013,2022,81,99,*,0,*,0,#
st,068239,68,MOSS VALE AWS,02/2001,"",-34.5253,150.4217,GPS,NSW,678.4,679,94746,2010,2022,98,99,*,0,*,1,#
st,068241,68,ALBION PARK (SHELLHARBOUR AIRPORT),06/1999,"",-34.5639,150.7924,"",NSW,8,8.5,95748,2011,2022,97,99,*,0,*,*,#
st,068242,68,KIAMA (BOMBO HEADLAND),12/2001,"",-34.6532,150.8609,GPS,NSW,15.5,,95749,2010,2022,98,99,*,0,*,*,#
st,068253,68,PORT KEMBLA NTC AWS,12/1990,"",-34.4734,150.9118,MAP 1:250 000,NSW,0,1.3,95745,2009,2022,99,99,*,0,*,*,#
st,068257,68,CAMPBELLTOWN (MOUNT ANNAN),11/2006,"",-34.0615,150.7735,GPS,NSW,112,,94757,2008,2022,98,99,1,0,*,*,#
st,068258,68,NOWRA RAN AIR STATION (WEST ANEMOMETER),10/2013,"",-34.9497,150.5296,GPS,NSW,115,,99747,2013,2022,61,99,1,0,*,0,#
st,068259,68,NOWRA RAN AIR STATION (EAST ANEMOMETER),09/2013,"",-34.9508,150.5444,GPS,NSW,105,,99744,2013,2022,84,99,1,0,*,0,#
st,068260,68,NOWRA RAN AIR STATION (PTS ANEMOMETER),10/2013,"",-34.9606,150.5249,GPS,NSW,125,,99746,2013,2022,88,99,*,0,*,0,#
st,068262,68,HIGH RANGE AWS (WANGANDERRY),07/2014,"",-34.3335,150.267,GPS,NSW,813.6,814.2,99742,2014,2022,98,97,*,0,*,3,#
st,068263,68,HOLSWORTHY DEFENCE AWS,12/2017,"",-34.081,150.9009,GPS,NSW,165,,95684,2017,2022,99,99,*,0,*,0,#
st,068264,68,JERVIS BAY NSW (JERVIS BAY AIRFIELD AWS),10/2018,"",-35.144,150.6974,GPS,NSW,57.2,57.7,94751,2018,2022,99,99,*,0,*,*,#
st,069017,69,MONTAGUE ISLAND LIGHTHOUSE,01/1949,"",-36.2519,150.2275,GPS,NSW,52,53.8,94939,2010,2022,97,99,*,0,*,*,#
st,069128,69,NERRIGA AWS,06/2013,"",-35.1103,150.0826,GPS,NSW,622,625.6,94943,2013,2022,99,99,*,0,*,1,#
st,069129,69,EDEN (TWOFOLD BAY WOODCHIP JETTY),06/2009,"",-37.1003,149.9266,SURVEY,NSW,7.8,,,2009,2022,87,98,2,0,0,0,#
st,066043,66,KURNELL AWS,03/2000,"",-34.0039,151.2111,GPS,NSW,4,,95756,2000,2022,94,85,15,0,*,*,#
st,066051,66,LITTLE BAY (THE COAST GOLF CLUB),01/1925,"",-33.9829,151.2502,GPS,NSW,22,,94780,1998,2022,92,71,29,0,*,*,#
st,066059,66,TERREY HILLS AWS,09/2004,"",-33.6908,151.2253,GPS,NSW,199,,94759,2008,2022,98,99,*,0,*,1,#
st,066062,66,SYDNEY (OBSERVATORY HILL),01/1858,08/2020,-33.8607,151.205,GPS,NSW,39,40.2,,1998,2020,87,87,13,0,*,*,#
st,066137,66,BANKSTOWN AIRPORT AWS,01/1968,"",-33.9176,150.9837,GPS,NSW,7.2,7.7,94765,1998,2022,95,90,10,0,*,*,#
st,066161,66,HOLSWORTHY AERODROME AWS,09/2012,"",-33.9925,150.9489,GPS,NSW,68.2,68.8,95761,2012,2022,99,99,*,0,*,*,#
st,066193,66,MARSFIELD (MACQUARIE UNIVERSITY NO:2),03/1994,"",-33.7654,151.1176,GPS,NSW,51,,95769,2018,2022,88,99,1,0,0,0,#
st,066194,66,CANTERBURY RACECOURSE AWS,10/1995,"",-33.9057,151.1134,GPS,NSW,3,,94766,1998,2022,94,86,14,0,*,*,#
st,066195,66,SYDNEY OLYMPIC PARK (SYDNEY OLYMPIC PK (,08/1995,"",-33.8521,151.0646,GPS,NSW,28,,,1998,2011,89,72,28,0,*,*,#
st,066196,66,SYDNEY HARBOUR (WEDDING CAKE WEST),02/1996,"",-33.8405,151.2643,GPS,NSW,6,,95766,1998,2022,67,79,21,0,*,*,#
st,066197,66,MANLY (NORTH HEAD),08/1997,"",-33.8152,151.2986,GPS,NSW,90,,95768,1998,2022,92,71,29,0,*,*,#
st,066198,66,SYDNEY HARBOUR (SHARK ISLAND),08/1997,03/2001,-33.8614,151.2569,GPS,NSW,3,,,1998,2001,92,2,98,0,*,0,#
st,066199,66,MIDDLE HEAD,09/1997,03/2001,-33.8283,151.2636,GPS,NSW,35,,,1998,2001,94,2,98,0,*,0,#
st,066200,66,SYDNEY HARBOUR (CLARKE ISLAND),08/1997,03/2001,-33.8642,151.2394,GPS,NSW,2,,,1998,2001,94,2,98,0,*,0,#
st,066201,66,SOUTH HEAD,08/1997,03/2001,-33.8361,151.28,GPS,NSW,25,,,1998,2001,94,2,98,0,*,0,#
st,069132,69,BRAIDWOOD RACECOURSE AWS,01/1985,"",-35.4253,149.7835,GPS,NSW,665.2,666,94927,2010,2022,98,99,*,0,*,*,#
st,069137,69,GREEN CAPE AWS,01/1991,"",-37.2622,150.0504,GPS,NSW,19.4,20,94934,2011,2022,97,99,*,0,*,*,#
st,069138,69,ULLADULLA AWS,01/1989,"",-35.3635,150.4828,GPS,NSW,35.7,36.7,94938,2010,2022,99,99,*,0,*,*,#
st,069139,69,BEGA AWS,03/1992,"",-36.6722,149.8191,GPS,NSW,41,42,95931,2010,2022,98,99,*,0,*,*,#
st,069147,69,MERIMBULA AIRPORT AWS,02/1998,"",-36.9077,149.8989,GPS,NSW,1.5,2,95929,2010,2022,99,99,*,0,*,*,#
st,069148,69,MORUYA AIRPORT AWS,09/1999,"",-35.9004,150.1437,GPS,NSW,4,4.6,95937,2010,2022,99,99,*,0,*,*,#
st,070014,70,CANBERRA AIRPORT COMPARISON,01/1939,12/2010,-35.3049,149.2014,GPS,NSW,578.4,580,95926,2000,2010,93,90,10,0,*,1,#
st,070217,70,COOMA AIRPORT AWS,01/1967,"",-36.2939,148.9725,GPS,NSW,930,931,94921,2008,2022,97,99,*,0,*,*,#
st,070328,70,BOMBALA AWS,01/1988,"",-37.0016,149.2336,GPS,NSW,760.5,761.5,94929,2010,2022,99,99,*,0,*,1,#
st,070330,70,GOULBURN AIRPORT AWS,11/1988,"",-34.8085,149.7311,GPS,NSW,640,640.8,95716,2010,2022,99,99,*,0,*,*,#
st,070339,70,TUGGERANONG (ISABELLA PLAINS) AWS,05/1996,"",-35.4184,149.0937,GPS,NSW,586.7,587.5,94925,2000,2022,88,94,6,0,*,*,#
st,070349,70,MOUNT GININI AWS,06/2004,"",-35.5293,148.7721,GPS,NSW,1760,,95925,2004,2022,39,97,*,0,*,3,#
st,070351,70,CANBERRA AIRPORT,09/2008,"",-35.3088,149.2004,GPS,NSW,577.1,577.6,94926,2009,2022,98,99,*,0,*,*,#
st,071032,71,THREDBO AWS,11/1966,"",-36.4917,148.2859,GPS,NSW,1957,1957.6,95909,2010,2022,97,98,*,0,*,2,#
st,071075,71,PERISHER VALLEY AWS,05/2010,"",-36.4069,148.4055,GPS,NSW,1738,,94915,2010,2022,96,99,*,0,*,*,#
st,072150,72,WAGGA WAGGA AMO,01/1941,"",-35.1583,147.4575,GPS,NSW,212,213,94910,2000,2022,82,95,5,0,*,*,#
st,072160,72,ALBURY AIRPORT AWS,04/1993,"",-36.069,146.9509,GPS,NSW,163.5,164.5,95896,2008,2022,96,99,*,0,*,*,#
st,072161,72,CABRAMURRA SMHEA AWS,12/1996,"",-35.9371,148.3779,GPS,NSW,1482.4,,95916,2010,2022,97,99,*,0,*,*,#
st,072162,72,KHANCOBAN AWS,12/1996,"",-36.2304,148.1405,GPS,NSW,339.3,340,94919,2011,2022,98,99,*,0,*,1,#
st,073138,73,YOUNG AIRPORT,12/1988,"",-34.2493,148.2475,GPS,NSW,379.6,380.6,94712,2011,2022,99,99,*,0,*,1,#
st,073151,73,TEMORA AIRPORT,01/2005,"",-34.4277,147.5117,GPS,NSW,280.5,281,95722,2011,2022,96,99,*,0,*,1,#
st,074037,74,YANCO AGRICULTURAL INSTITUTE,01/1957,"",-34.6222,146.4326,GPS,NSW,164,164.7,95705,2011,2022,96,99,*,0,*,1,#
st,074148,74,NARRANDERA AIRPORT AWS,01/1967,"",-34.705,146.514,GPS,NSW,145,145.5,95706,2011,2022,98,99,*,0,*,*,#
st,074258,74,DENILIQUIN AIRPORT AWS,05/1997,"",-35.5575,144.9458,GPS,NSW,94,94.7,95869,2010,2022,96,99,*,0,*,*,#
st,074272,74,KAPOOKA (DEFENCE),09/2017,"",-35.1327,147.2512,GPS,NSW,187,,94944,2017,2022,99,99,*,0,*,*,#
st,075019,75,HAY AIRPORT AWS,06/2007,"",-34.5412,144.8345,GPS,NSW,92,92.5,94702,2012,2022,99,99,*,0,*,*,#
st,075041,75,GRIFFITH AIRPORT AWS,01/1960,"",-34.2487,146.0695,GPS,NSW,134,135,95704,2010,2022,99,99,*,0,*,*,#
st,200288,200,NORFOLK ISLAND AERO,01/1890,"",-29.0389,167.9408,GPS,NSW,111.7,116.7,94996,2003,2022,95,99,1,0,*,*,#
st,200839,200,LORD HOWE ISLAND AERO,11/1988,"",-31.5421,159.0786,GPS,NSW,5,7,94995,2003,2022,94,99,1,0,*,*,#
st,200883,200,NORFOLK ISLAND (KINGSTON JETTY),08/2009,"",-29.0581,167.9536,GPS,NSW,,,,2009,2022,99,99,1,0,0,0,#
st,001006,01,WYNDHAM AERO,01/1951,"",-15.51,128.1503,GPS,WA,3.8,4.3,95214,2010,2022,98,99,*,0,*,*,#
st,001007,01,TROUGHTON ISLAND,09/1956,"",-13.7542,126.1485,GPS,WA,6,8,94102,2013,2022,88,99,*,0,*,1,#
st,001019,01,KALUMBURU,11/1997,"",-14.2964,126.6453,GPS,WA,23,24,94100,2014,2022,94,99,*,0,*,0,#
st,001020,01,TRUSCOTT,01/1944,"",-14.09,126.3867,GPS,WA,51,52.5,95101,2013,2022,93,99,*,0,*,*,#
st,001036,01,DOONGAN ASA,11/2012,"",-15.3792,126.3108,GPS,WA,383.5,384.9,99215,2012,2022,99,99,1,0,*,0,#
st,002012,02,HALLS CREEK METEOROLOGICAL OFFICE,01/1944,"",-18.2291,127.6636,GPS,WA,422,423.9,99201,2002,2019,93,99,1,0,*,*,#
st,002056,02,KUNUNURRA AERO,09/1971,"",-15.7814,128.71,GPS,WA,44,44.4,94216,2010,2022,98,99,*,0,*,*,#
st,002064,02,ARGYLE AERODROME,01/1986,"",-16.638,128.4516,GPS,WA,164,165,94217,2010,2022,98,99,*,0,*,*,#
st,002079,02,HALLS CREEK AIRPORT,09/2015,"",-18.2337,127.6666,GPS,WA,409.4,410.7,94212,2015,2022,99,99,*,0,*,0,#
st,003003,03,BROOME AIRPORT,01/1939,"",-17.9475,122.2352,GPS,WA,7.4,9,94203,2002,2022,99,99,1,0,*,*,#
st,003032,03,DERBY AERO,01/1951,"",-17.3706,123.6611,GPS,WA,6.2,6.7,95205,2010,2022,97,99,*,0,*,*,#
st,003080,03,CURTIN AERO,07/1989,"",-17.5768,123.8297,GPS,WA,77.5,78,94204,2010,2022,98,99,*,0,*,*,#
st,003093,03,FITZROY CROSSING AERO,08/1997,"",-18.1814,125.5619,GPS,WA,114.5,115,94206,2011,2022,97,99,*,0,*,*,#
st,003102,03,BROOME NTC AWS,11/1991,"",-18.0015,122.2176,MAP 1:250 000,WA,0,1.3,95202,2009,2022,91,99,*,0,*,*,#
st,003108,03,YAMPI SOUND (DEFENCE),08/2018,"",-16.7671,123.981,GPS,WA,41.3,41.9,95208,2018,2022,99,99,*,0,*,*,#
st,003109,03,BROOME NTC AWS COMPARISON,11/2011,"",-18.0008,122.2183,MAP 1:250 000,WA,9.5,10,,2018,2022,95,99,*,0,*,0,#
st,004019,04,MANDORA,01/1913,"",-19.7419,120.8433,GPS,WA,7.5,8,94200,2012,2022,97,99,*,0,*,*,#
st,004032,04,PORT HEDLAND AIRPORT,07/1942,"",-20.3725,118.6317,GPS,WA,6.4,7.3,94312,2002,2022,99,99,1,0,*,*,#
st,004083,04,KARRATHA AERO,12/1971,"",-20.7097,116.7742,GPS,WA,5.3,5.8,95307,2009,2022,99,99,*,0,*,*,#
st,004090,04,ROEBOURNE AERO,06/2001,"",-20.7594,117.1583,GPS,WA,10.7,11.2,94308,2010,2022,93,99,*,0,*,*,#
st,004095,04,LEGENDRE ISLAND,02/1992,"",-20.3583,116.8431,GPS,WA,29,29.5,94307,2009,2022,91,99,*,0,*,1,#
st,004100,04,BEDOUT ISLAND,06/1993,"",-19.5894,119.1,"",WA,8.6,9.4,94310,2010,2022,63,99,*,0,*,1,#
st,004106,04,MARBLE BAR,09/2000,"",-21.1756,119.7497,GPS,WA,182.3,182.8,95317,2010,2022,94,99,*,0,*,*,#
st,005007,05,LEARMONTH AIRPORT,01/1945,"",-22.2406,114.0967,GPS,WA,5,5.5,94302,2002,2022,99,99,1,0,*,*,#
st,005008,05,MARDIE,01/1885,"",-21.1906,115.9797,GPS,WA,11,12,94306,2010,2022,95,99,*,0,*,1,#
st,005017,05,ONSLOW AIRPORT,08/1940,"",-21.6689,115.1092,GPS,WA,10.5,11,95305,2010,2022,99,99,*,0,*,*,#
st,005084,05,THEVENARD ISLAND,12/1989,"",-21.4609,115.0188,GPS,WA,5,6,94303,2012,2022,98,99,*,0,*,*,#
st,005094,05,BARROW ISLAND AIRPORT,11/1998,"",-20.874,115.4066,"",WA,6.4,6.9,95304,2012,2022,98,99,*,0,*,*,#
st,005096,06,POINT MURAT NAVY PIER,12/2007,"",-21.8167,114.191,SURVEY,WA,6.8,6.9,,2009,2022,76,98,2,0,*,0,#
st,005098,05,KARIJINI NORTH,08/2018,"",-22.2999,118.4498,GPS,WA,474,474.5,94330,2018,2022,97,99,*,0,*,0,#
st,006011,06,CARNARVON AIRPORT,01/1945,"",-24.8878,113.67,GPS,WA,4,4.5,94300,2002,2022,98,99,1,0,*,*,#
st,006092,06,BILLABONG ASA,01/1969,"",-26.8156,114.6133,GPS,WA,129.6,130.4,94406,2012,2022,95,99,1,0,*,0,#
st,006105,06,SHARK BAY AIRPORT,05/2000,"",-25.8925,113.5772,GPS,WA,33.8,34.3,95402,2011,2022,98,99,*,0,*,*,#
st,006108,06,CAPE CUVIER WHARF,11/2008,"",-24.2201,113.3975,SURVEY,WA,12.4,,95301,2009,2022,78,98,2,0,*,0,#
st,007045,07A,MEEKATHARRA AIRPORT,01/1944,"",-26.6136,118.5372,GPS,WA,517,517.9,94430,2002,2022,99,99,1,0,*,*,#
st,007176,07,NEWMAN AERO,01/1971,"",-23.4213,119.8023,SURVEY,WA,524,524.3,94317,2009,2022,97,99,*,0,*,*,#
st,007185,07,PARABURDOO AERO,05/1974,"",-23.1726,117.7493,GPS,WA,423.7,424.2,94316,2010,2022,98,99,*,0,*,*,#
st,007600,07A,MOUNT MAGNET AERO,04/1995,"",-28.1156,117.8425,GPS,WA,407,408.5,94429,2010,2022,89,99,*,0,*,*,#
st,008051,08,GERALDTON AIRPORT COMPARISON,01/1941,06/2014,-28.7953,114.6975,GPS,WA,33,35,95403,2002,2014,86,97,3,0,*,*,#
st,008290,08,NORTH ISLAND,05/1990,"",-28.3009,113.5937,GPS,WA,2.2,2.7,94405,2011,2022,93,99,*,0,*,*,#
st,008296,08,MORAWA AIRPORT,02/1997,"",-29.2039,116.0247,GPS,WA,271.4,271.9,94417,2010,2022,97,99,*,0,*,1,#
st,008297,08,DALWALLINU,04/1997,"",-30.2761,116.6714,GPS,WA,324.5,325.5,95629,2011,2022,97,99,*,0,*,*,#
st,008314,08,GERALDTON PORT AUTHORITY BEACON NO 2,01/2009,03/2021,-28.7631,114.5647,MAP 1:100 000,WA,10.2,9.6,,2009,2021,46,100,0,0,0,0,#
st,008315,08,GERALDTON AIRPORT,07/2011,"",-28.8047,114.6989,SURVEY,WA,29.7,30.2,94403,2011,2022,99,99,*,0,*,*,#
st,009021,09,PERTH AIRPORT,01/1944,"",-31.9275,115.9764,GPS,WA,15.4,20,94610,1997,2022,98,83,17,0,*,*,#
st,009037,09,BADGINGARRA RESEARCH STN,01/1962,"",-30.3381,115.5394,GPS,WA,275,,94603,2010,2022,95,99,*,0,*,1,#
st,009053,09,PEARCE RAAF,01/1937,"",-31.6669,116.0189,GPS,WA,40,46.2,94612,2001,2022,98,99,1,0,*,*,#
st,009091,09,INNER DOLPHIN PYLON,08/1999,"",-31.9889,115.8311,GPS,WA,0,,95620,1999,2022,89,80,20,0,*,0,#
st,009172,09,JANDAKOT AERO,08/1972,"",-32.1011,115.8794,GPS,WA,30,30.7,94609,1995,2022,98,76,24,0,*,*,#
st,009178,09,GINGIN AERO,01/1968,"",-31.4628,115.8642,GPS,WA,73,74.5,95612,2012,2022,98,99,*,0,*,1,#
st,009193,09,ROTTNEST ISLAND,05/1983,"",-32.0069,115.5022,GPS,WA,43.1,43.1,94602,1995,2022,97,69,31,0,*,*,#
st,009214,09,OCEAN REEF,12/1985,"",-31.7594,115.7278,GPS,WA,10,,94607,1995,2022,97,42,58,0,*,0,#
st,009215,09,SWANBOURNE,11/1985,"",-31.956,115.7619,GPS,WA,41,,94614,1995,2022,97,65,35,0,*,*,#
st,009225,09,PERTH METRO,02/1993,"",-31.9192,115.8728,GPS,WA,24.9,25.4,94608,1994,2022,97,65,35,0,*,*,#
st,009240,09,BICKLEY,01/1969,"",-32.0072,116.1369,GPS,WA,384,385,95610,2008,2022,98,99,*,0,*,*,#
st,009254,09,ARMAMENT JETTY,04/2001,"",-32.1758,115.6808,GPS,WA,9,,99254,2018,2022,-34,97,3,0,*,0,#
st,009255,09,COLPOYS POINT,04/2001,"",-32.2272,115.6994,GPS,WA,3,,99255,2018,2022,95,99,1,0,*,0,#
st,009256,09,GARDEN ISLAND HSF,11/2001,"",-32.2433,115.6839,GPS,WA,6,6.5,95607,2012,2022,98,99,*,0,*,*,#
st,009265,09,HILLARYS BOAT HARBOUR NTC AWS,12/1991,"",-31.8256,115.7386,MAP 1:250 000,WA,0,1.3,95605,2009,2022,99,99,*,0,*,*,#
st,009280,9,LANCELIN (DEFENCE),06/2018,"",-30.8392,115.2283,SURVEY,WA,3.4,4.1,95609,2018,2022,99,99,*,0,*,*,#
st,109504,09A,ESPERANCE NTC AWS,03/1992,"",-33.8707,121.8971,GPS,WA,0,1.2,95648,2009,2022,96,99,*,0,*,*,#
st,109521,09A,WITCHCLIFFE WEST,03/2022,"",-34.0258,115.0637,SURVEY,WA,84.5,85.2,99826,2022,2022,99,98,2,0,*,*,#
st,200100,200,VARANUS ISLAND,01/1999,"",-20.655,115.5769,GPS,WA,24,24.5,95303,2021,2022,97,99,1,0,*,*,#
st,200284,200,COCOS ISLAND AIRPORT,12/1901,"",-12.1892,96.8344,GPS,WA,3,4,96996,2006,2022,97,99,1,0,*,*,#
st,200713,200,ROWLEY SHOALS,01/1970,"",-17.5217,118.9531,GPS,WA,0,7.6,94207,2013,2022,98,99,*,0,*,0,#
st,200735,200,ADELE ISLAND,05/1972,"",-15.5114,123.1556,GPS,WA,4.6,5.5,94210,2013,2022,91,99,*,0,*,*,#
st,200784,200,BROWSE ISLAND,01/1969,"",-14.1093,123.5476,GPS,WA,3.7,4.6,94103,2013,2022,82,99,*,0,*,0,#
st,200790,200,CHRISTMAS ISLAND AERO,08/1972,"",-10.4515,105.689,GPS,WA,261,262,96995,2013,2022,78,99,*,0,*,*,#
st,200865,200,COCOS ISLAND NTC AWS,04/1992,"",-12.1168,96.8919,MAP 1:250 000,WA,0,1.4,96997,2009,2022,90,99,*,0,*,*,#
st,200870,200,CHRISTMAS ISLAND TSUNAMI,12/2006,"",-10.4294,105.6694,GPS,WA,5,1,,2009,2022,-50,94,6,0,0,0,#
st,200878,04,PORT HEDLAND PYLON C3,08/2009,01/2021,-20.04,118.42,Unknown,WA,,,,2009,2019,68,100,0,0,0,0,#
st,200970,200,FLYING FISH COVE JETTY,08/2009,"",-10.4294,105.6694,Unknown,WA,,,,2010,2022,96,98,2,0,*,0,#
st,016001,16,WOOMERA AERODROME,01/1949,"",-31.1558,136.8054,GPS,SA,166.6,168.5,94659,2002,2022,91,99,1,0,*,*,#
st,016090,16,COOBER PEDY AIRPORT,06/1994,"",-29.0347,134.7222,GPS,SA,225,226,95458,2011,2022,99,99,*,0,*,*,#
st,016096,16,ROXBY DOWNS (OLYMPIC DAM AERODROME),11/1997,"",-30.4869,136.8739,SURVEY,SA,99.2,99.9,95658,2003,2022,19,99,*,0,*,*,#
st,016097,16,ERNABELLA (PUKATJA),07/1997,"",-26.2635,132.1771,GPS,SA,703.2,703.5,94474,2011,2022,99,99,*,0,*,*,#
st,016098,16,TARCOOLA AERO,09/1997,"",-30.7051,134.5786,GPS,SA,123,123.6,94655,2011,2022,99,99,*,0,*,*,#
st,017043,17,OODNADATTA AIRPORT,01/1939,"",-27.5553,135.4456,GPS,SA,116.5,117,94476,2012,2022,98,99,*,0,*,*,#
st,017110,17,LEIGH CREEK AIRPORT,01/1982,"",-30.5963,138.4219,GPS,SA,258.8,259.3,94674,2011,2022,99,99,*,0,*,*,#
st,017123,17,MOOMBA AIRPORT,06/1995,"",-28.0997,140.1956,GPS,SA,37.8,38.4,95481,2011,2022,99,99,*,0,*,*,#
st,017126,17,MARREE AERO,07/1998,"",-29.6587,138.0684,GPS,SA,50,50.6,95480,2013,2022,93,99,*,0,*,*,#
st,018012,18,CEDUNA AMO,01/1939,"",-32.1297,133.6976,GPS,SA,15.3,15.7,94653,2003,2022,99,99,1,0,*,*,#
st,018083,18,WUDINNA AERO,04/1999,"",-33.043,135.4519,GPS,SA,86.4,86.9,95654,2010,2022,99,99,*,0,*,*,#
st,018106,18,NULLARBOR,01/1888,"",-31.4492,130.8976,GPS,SA,64,65,94651,2009,2022,99,99,*,0,*,*,#
st,018115,18,NEPTUNE ISLAND,01/1957,"",-35.3365,136.1174,GPS,SA,32,32,94804,2010,2022,89,99,*,0,*,*,#
st,018116,18,CLEVE AERODROME,01/1963,"",-33.7081,136.5026,GPS,SA,175,176,94662,2010,2022,98,99,*,0,*,*,#
st,009281,09,MILLENDON (SWAN VALLEY),04/2017,"",-31.8112,116.0227,SURVEY,WA,15.6,16.4,94795,2017,2022,99,99,*,0,*,*,#
st,009518,09A,CAPE LEEUWIN,01/1897,"",-34.3728,115.1358,GPS,WA,13,14,94601,2011,2022,99,99,*,0,*,*,#
st,009519,09A,CAPE NATURALISTE,01/1903,"",-33.5372,115.0189,GPS,WA,109,109.5,94600,2013,2022,99,99,*,0,*,*,#
st,009538,09A,DWELLINGUP,01/1934,"",-32.7103,116.0594,GPS,WA,267,268,94620,2008,2022,99,99,*,0,*,*,#
st,009542,09A,ESPERANCE AERO,01/1950,"",-33.6825,121.8275,GPS,WA,142,142.5,95638,2012,2022,99,99,*,0,*,*,#
st,009573,09A,MANJIMUP,01/1915,"",-34.2508,116.145,GPS,WA,286.7,287.2,94617,2011,2022,95,99,*,0,*,*,#
st,009603,09A,BUSSELTON AERO,10/1997,"",-33.6818,115.4026,GPS,WA,16.3,16.9,95611,2013,2022,99,99,*,0,*,*,#
st,009617,09A,BRIDGETOWN,12/1997,"",-33.9486,116.1311,GPS,WA,178.7,179,95632,2011,2022,98,99,*,0,*,1,#
st,009741,09A,ALBANY AIRPORT COMPARISON,01/1942,02/2014,-34.9414,117.8022,GPS,WA,68,69,95802,2002,2014,94,99,1,0,*,*,#
st,009746,09A,WITCHCLIFFE,04/1999,10/2021,-34.0281,115.1042,GPS,WA,80,81,95641,2010,2021,97,99,*,0,*,*,#
st,009789,09A,ESPERANCE,06/1969,"",-33.83,121.8925,GPS,WA,25,27,94638,2002,2022,98,99,1,0,*,*,#
st,009937,09A,BUSSELTON JETTY,08/1997,"",-33.6294,115.3383,GPS,WA,3,,95602,2011,2022,93,99,*,0,*,0,#
st,009961,09A,HOPETOUN NORTH,12/1995,"",-33.9306,120.1283,GPS,WA,26,27,95635,2010,2022,97,99,*,0,*,*,#
st,009964,09A,ROCKY GULLY,11/1995,"",-34.5714,117.0106,GPS,WA,250,250.5,94631,2019,2022,99,99,1,0,*,0,#
st,009965,09A,BUNBURY,11/1995,"",-33.3567,115.6447,GPS,WA,5.2,6.2,94604,2011,2022,97,99,*,0,*,*,#
st,009968,09A,SHANNON,11/1996,"",-34.5683,116.3367,GPS,WA,210,,95617,2013,2022,85,96,*,0,*,4,#
st,009977,09A,MANDURAH,10/2001,"",-32.5219,115.7119,GPS,WA,3,3.5,94605,2008,2022,98,99,*,0,*,*,#
st,009983,09A,STYLES TOWER,06/2002,"",-33.9123,115.8999,GPS,WA,376,,99694,2012,2017,60,99,1,0,*,*,#
st,009994,09A,COLLIE EAST,12/2002,"",-33.3608,116.1717,GPS,WA,200,,95621,2014,2022,99,99,*,0,*,*,#
st,009998,09A,NORTH WALPOLE,01/2004,"",-34.9469,116.7222,GPS,WA,73,73.5,95647,2012,2022,99,99,*,0,*,*,#
st,009999,09A,ALBANY AIRPORT,01/2012,"",-34.9411,117.8158,SURVEY,WA,68.4,70,94802,2012,2022,99,99,*,0,*,*,#
st,010286,10,CUNDERDIN AIRFIELD,01/1942,"",-31.6219,117.2217,GPS,WA,216.7,217.2,95625,2010,2022,98,99,*,0,*,*,#
st,010692,10A,NEWDEGATE RESEARCH STATION,11/1954,"",-33.1129,118.84,GPS,WA,320,321,94628,2012,2022,99,99,1,0,*,*,#
st,010905,10A,JACUP,01/1993,"",-33.8878,119.1092,GPS,WA,305,306,95636,2012,2022,97,99,*,0,*,1,#
st,010911,10A,LAKE GRACE,06/1997,"",-33.1006,118.4647,GPS,WA,286,286.5,95637,2012,2022,98,99,*,0,*,*,#
st,010916,10A,KATANNING,01/1999,"",-33.6856,117.6064,GPS,WA,320,321,94641,2010,2022,99,99,*,0,*,*,#
st,010917,10A,WANDERING,12/1998,"",-32.6722,116.6706,GPS,WA,275,275.5,95640,2010,2022,97,99,*,0,*,*,#
st,011003,11,EUCLA,01/1876,"",-31.6797,128.8958,GPS,WA,93.1,93.6,94647,2003,2022,98,99,1,0,*,*,#
st,011023,11,CAIGUNA ASA,01/1962,"",-32.2653,125.4894,GPS,WA,109,110,95645,2012,2022,96,99,1,0,*,0,#
st,011052,11,FORREST,03/1993,"",-30.8453,128.1092,GPS,WA,159,160,95646,2013,2022,99,99,*,0,*,*,#
st,011053,11,RED ROCKS POINT,12/1999,"",-32.2028,127.5297,GPS,WA,3.1,3.6,94644,2013,2022,88,99,*,0,*,*,#
st,012009,12,NORSEMAN AERO,12/1999,"",-32.2147,121.7547,GPS,WA,262.5,263,95642,2012,2022,99,99,*,0,*,*,#
st,012038,12,KALGOORLIE-BOULDER AIRPORT,02/1939,"",-30.7847,121.4533,GPS,WA,365.3,366,94637,2002,2022,98,99,1,0,*,*,#
st,012044,12,MUNGLINUP WEST,04/2002,"",-33.5547,120.6997,GPS,WA,220,220.5,95644,2010,2022,97,98,*,0,*,2,#
st,012071,12,SALMON GUMS RES.STN.,05/1932,"",-32.9869,121.6239,GPS,WA,249,,95639,2010,2022,96,99,*,0,*,0,#
st,012241,12,LEONORA AERO,02/2007,"",-28.8789,121.3186,GPS,WA,370,370.9,94450,2009,2022,99,99,*,0,*,0,#
st,012305,12,LAVERTON AERO,08/1991,"",-28.6133,122.4236,GPS,WA,464.3,464.8,94449,2010,2022,97,99,*,0,*,*,#
st,012314,12,LEINSTER AERO,05/1994,"",-27.8386,120.7031,GPS,WA,497,498,95448,2011,2022,92,99,*,0,*,*,#
st,012320,12,SOUTHERN CROSS AIRFIELD,10/1996,"",-31.2353,119.3564,GPS,WA,347.4,347.9,95634,2012,2022,97,99,*,0,*,*,#
st,013011,13,WARBURTON AIRFIELD,01/1940,"",-26.1317,126.5839,GPS,WA,459,459.5,94457,2011,2022,85,99,*,0,*,*,#
st,013017,13,GILES METEOROLOGICAL OFFICE,08/1956,"",-25.0341,128.301,GPS,WA,598,599,94461,2003,2022,96,99,1,0,*,*,#
st,013030,13,TELFER AERO,01/1974,"",-21.7125,122.2281,GPS,WA,291.9,292.5,94319,2009,2022,95,99,*,0,*,*,#
st,013044,13,WILUNA AERO,11/2017,"",-26.6273,120.2195,GPS,WA,502.4,503.1,95439,2017,2022,99,99,*,0,*,*,#
st,013045,13,BALGO HILLS ASA,11/2012,"",-20.135,127.9892,Unknown,WA,421.1,422.6,94315,2012,2022,91,99,1,0,*,0,#
st,023052,23A,OUTER HARBOUR (BLACK POLE),07/2001,"",-34.7343,138.4653,GPS,SA,6.3,,95675,2001,2022,89,97,3,0,*,*,#
st,023083,23A,EDINBURGH RAAF,01/1972,"",-34.7111,138.6222,GPS,SA,16.5,17.1,95676,2001,2022,99,99,1,0,*,*,#
st,023090,23A,ADELAIDE (KENT TOWN),01/1977,07/2020,-34.9211,138.6216,GPS,SA,48,51,94675,2001,2020,99,99,1,0,*,*,#
st,023109,23A,ADELAIDE AIRPORT (ANEMOMETER SOUTH WEST),02/1995,"",-34.9573,138.5152,GPS,SA,3,,99672,2004,2022,25,99,*,0,*,*,#
st,023122,23A,ROSEWORTHY AWS,07/1997,"",-34.5106,138.6763,GPS,SA,65,65.5,95671,2010,2022,99,99,*,0,*,*,#
st,023123,23A,ADELAIDE AIRPORT (ANEMOMETER NORTHEAST),02/1995,"",-34.9382,138.5435,GPS,SA,5,,99673,2004,2022,91,97,3,0,*,*,#
st,023124,23A,ADELAIDE AIRPORT (ANEMOMETER NORTHWEST),06/1995,"",-34.9435,138.5232,GPS,SA,2,,99674,2004,2022,99,97,3,0,*,*,#
st,023149,23A,ADELAIDE (KENT TOWN WIND COMPARISON),04/2014,04/2015,-34.9211,138.6216,GPS,SA,48,,,2014,2015,99,99,0,0,*,0,#
st,023373,23B,NURIOOTPA PIRSA,08/1996,"",-34.4761,139.0056,GPS,SA,275,276,94681,2010,2022,99,99,*,0,*,*,#
st,023842,23C,MOUNT LOFTY,02/1985,"",-34.9784,138.7088,GPS,SA,685,,95678,2001,2022,99,99,1,0,*,*,#
st,023875,23C,PARAWA (SECOND VALLEY FOREST AWS),03/1994,"",-35.5695,138.2864,GPS,SA,341,342,94811,2010,2022,99,98,*,0,*,2,#
st,023878,23C,MOUNT CRAWFORD AWS,04/1994,"",-34.7253,138.9278,GPS,SA,525,525.5,94678,2010,2022,99,99,*,0,*,1,#
st,023885,23C,NOARLUNGA,09/2000,"",-35.1586,138.5057,GPS,SA,55,,94808,2001,2022,99,99,1,0,*,*,#
st,023886,23C,SELLICKS HILL (MOUNT TERRIBLE RADAR),01/1995,"",-35.3294,138.5019,GPS,SA,385.7,,95679,2001,2022,40,99,*,0,*,*,#
st,023887,23C,KUITPO FOREST RESERVE,03/1998,"",-35.1712,138.6783,GPS,SA,365,365.5,94683,2011,2022,99,99,*,0,*,*,#
st,023894,23C,HINDMARSH ISLAND AWS,01/2003,"",-35.5194,138.8177,GPS,SA,11,11.5,94677,2012,2022,99,99,*,0,*,*,#
st,023899,23C,ADELAIDE (PORT STANVAC NTC AWS),06/1992,12/2010,-35.1085,138.4671,GPS,SA,0,,,2006,2010,-21,96,4,0,*,*,#
st,024024,24A,LOXTON RESEARCH CENTRE,06/1984,"",-34.439,140.5978,GPS,SA,30.1,30.4,94682,2011,2022,99,99,*,0,*,*,#
st,024048,24A,RENMARK AERO,06/1995,"",-34.1983,140.6766,GPS,SA,31.5,32,95687,2010,2022,99,99,*,0,*,*,#
st,024521,24B,MURRAY BRIDGE,01/1885,"",-35.1234,139.2592,GPS,SA,33,,95812,2016,2021,-10,100,0,0,0,0,#
st,024580,24B,STRATHALBYN RACECOURSE,04/1996,"",-35.2836,138.8934,GPS,SA,58,58.5,94814,2010,2022,99,99,*,0,*,*,#
st,024584,24B,MURRAY BRIDGE (PALLAMANA AERODROME),02/2006,"",-35.065,139.2273,GPS,SA,45,45.5,95818,2011,2022,99,99,*,0,*,*,#
st,025557,25B,KEITH (MUNKORA),07/2001,"",-36.1058,140.3273,GPS,SA,27,27.5,95815,2011,2022,99,99,*,0,*,*,#
st,025562,25B,LAMEROO (AUSTIN PLAINS),06/2004,"",-35.3778,140.5378,SURVEY,SA,110.1,110.8,94690,2011,2022,99,99,*,0,*,1,#
st,026021,26,MOUNT GAMBIER AERO,01/1941,"",-37.7473,140.7739,GPS,SA,63,69,94821,2003,2022,99,99,1,0,*,*,#
st,026091,26,COONAWARRA,09/1985,"",-37.2906,140.8254,GPS,SA,57,57.5,94817,2012,2022,99,99,*,0,*,*,#
st,026095,26,CAPE JAFFA (THE LIMESTONE),03/1991,"",-36.9655,139.7164,GPS,SA,17,18,94813,2011,2022,99,99,*,0,*,*,#
st,026099,26,NARACOORTE AERODROME,06/1998,"",-36.9813,140.727,GPS,SA,49.7,50.3,94820,2011,2022,99,99,*,0,*,*,#
st,026100,26,PADTHAWAY SOUTH,05/2000,"",-36.6539,140.5212,GPS,SA,37,,95823,2012,2022,98,99,*,0,*,*,#
st,026105,26,ROBE AIRFIELD,07/2003,"",-37.1776,139.8054,GPS,SA,3,3.5,95816,2011,2022,99,99,*,0,*,1,#
st,018120,18,WHYALLA AERO,01/1945,"",-33.0539,137.5206,SURVEY,SA,9.3,9.8,95664,2010,2022,99,99,*,0,*,*,#
st,018191,18,COULTA (COLES POINT),03/1991,05/2017,-34.3749,135.3741,GPS,SA,28,28.6,94658,2011,2017,93,99,*,0,*,*,#
st,018192,18,NORTH SHIELDS (PORT LINCOLN AWS),04/1992,"",-34.5993,135.8784,GPS,SA,8.5,8.5,95661,2009,2022,99,99,*,0,*,*,#
st,018195,18,MINNIPA PIRSA,06/1996,"",-32.8427,135.1515,GPS,SA,165,166,95662,2010,2022,99,99,*,0,*,*,#
st,018200,18,THEVENARD WIND,03/1999,05/2019,-32.1803,133.6343,GPS,SA,8.5,,95653,2001,2018,91,97,3,0,*,*,#
st,018201,18,PORT AUGUSTA AERO,07/2001,"",-32.5073,137.7169,GPS,SA,14,14.6,95666,2010,2022,98,99,*,0,*,*,#
st,018207,18,CEDUNA (THEVENARD NTC AWS),03/1992,"",-32.149,133.6416,"",SA,5,1.1,95652,2009,2022,76,99,*,0,*,*,#
st,018217,18,CUMMINS AERO,06/2007,"",-34.2524,135.7135,GPS,SA,60.1,60.6,95663,2011,2022,99,98,*,0,*,2,#
st,018220,18,CEDUNA (THEVENARD ABSLMA COMPARISION),01/2007,03/2013,-32.149,133.6416,Unknown,SA,5,1.1,,2009,2012,63,99,*,0,*,0,#
st,018229,18,CULTANA (DEFENCE),11/2017,"",-32.6845,137.3689,GPS,SA,171,,95683,2017,2022,99,99,*,0,*,*,#
st,018230,18,COFFIN BAY (POINT AVOID),06/2017,"",-34.675,135.3362,GPS,SA,35,35.5,95649,2017,2022,98,98,*,0,*,1,#
st,020062,20,YUNTA AIRSTRIP,06/1998,"",-32.5707,139.5645,GPS,SA,300,300.5,94684,2011,2022,99,99,*,0,*,*,#
st,021131,21,CLARE HIGH SCHOOL,09/1993,"",-33.8226,138.5933,GPS,SA,395,396,95667,2010,2022,99,99,*,0,*,*,#
st,021133,21,SNOWTOWN (RAYVILLE PARK),07/1998,"",-33.7676,138.2182,GPS,SA,109.1,109.2,95670,2010,2022,99,99,*,0,*,*,#
st,021139,21,PORT PIRIE AERODROME AWS,03/2000,"",-33.2371,137.9971,GPS,SA,12,12,99749,2015,2022,99,99,*,0,*,*,#
st,022031,22A,MINLATON AERO,03/2001,"",-34.748,137.5276,GPS,SA,32,32.5,95659,2010,2022,99,99,*,0,*,*,#
st,022046,22A,EDITHBURGH,07/1984,"",-35.1121,137.7395,GPS,SA,6,7,94809,2010,2022,98,99,*,0,*,1,#
st,022049,22A,STENHOUSE BAY,11/1995,"",-35.2795,136.9392,GPS,SA,42,44,95806,2010,2022,99,99,*,0,*,*,#
st,022050,22A,KADINA AWS,07/2005,"",-33.9703,137.6628,GPS,SA,41.1,41.6,94685,2008,2022,60,99,*,0,*,*,#
st,022053,22A,MOONTA (WARBURTO POINT),07/2003,"",-34.0041,137.528,GPS,SA,1,,94666,2003,2022,23,99,*,0,*,*,#
st,022803,22B,CAPE WILLOUGHBY,01/1881,"",-35.8426,138.1327,GPS,SA,55,56,94822,2011,2022,96,99,*,0,*,*,#
st,022823,22B,CAPE BORDA,09/2002,"",-35.7549,136.5959,GPS,SA,158,158.3,95805,2011,2022,94,99,*,0,*,*,#
st,022841,22B,KINGSCOTE AERO,03/1994,"",-35.7114,137.5231,GPS,SA,6.2,6.7,95807,2011,2022,99,99,*,0,*,*,#
st,022843,22B,PARNDANA CFS AWS,09/2011,"",-35.7916,137.2496,GPS,SA,165,,94807,2011,2022,99,99,1,0,*,*,#
st,023000,23A,ADELAIDE (WEST TERRACE / NGAYIRDAPIRA),01/1839,"",-34.9257,138.5832,GPS,SA,29.3,29.8,94648,2017,2022,99,99,*,0,*,*,#
st,023013,23A,PARAFIELD AIRPORT,01/1929,"",-34.7977,138.6281,GPS,SA,9.5,10.3,95677,2001,2022,99,99,1,0,*,*,#
st,023034,23A,ADELAIDE AIRPORT,02/1955,"",-34.9524,138.5196,GPS,SA,2,8.2,94672,2001,2022,99,99,1,0,*,*,#
st,023046,23A,ADELAIDE AIRPORT OLD SITE,06/2002,02/2005,-34.9566,138.5356,GPS,SA,6,4,,2002,2004,-62,99,0,0,*,*,#
st,091104,91,LAUNCESTON AIRPORT COMPARISON,01/1931,06/2009,-41.5397,147.2033,GPS,TAS,166,178,94968,2001,2004,86,99,0,0,*,1,#
st,091107,91,WYNYARD AIRPORT,01/1947,"",-40.9964,145.7311,GPS,TAS,12,12,95957,2008,2022,99,99,*,0,*,*,#
st,091126,91,DEVONPORT AIRPORT,06/1962,"",-41.1701,146.4289,GPS,TAS,8,9.5,95960,2006,2022,98,99,*,0,*,*,#
st,091219,91,SCOTTSDALE (WEST MINSTONE ROAD),03/1971,"",-41.1708,147.4883,GPS,TAS,197.5,198,94972,2010,2022,99,99,*,0,*,*,#
st,091237,91,LAUNCESTON (TI TREE BEND),05/1980,"",-41.4194,147.1219,GPS,TAS,5,,94969,2010,2022,99,99,*,0,*,*,#
st,091245,91,CAPE GRIM BAPS (COMPARISON),08/1985,"",-40.6828,144.69,GPS,TAS,94,92.5,94954,2004,2022,98,99,1,0,*,*,#
st,091259,91,LUNCHEON HILL (FORESTRY),01/1989,"",-41.1492,145.1517,GPS,TAS,344,,95956,2010,2022,99,99,*,0,*,*,#
st,091291,91,SHEFFIELD SCHOOL FARM,12/1996,"",-41.3886,146.3219,GPS,TAS,294.2,294.5,94955,2010,2022,99,99,*,0,*,*,#
st,091292,91,SMITHTON AERODROME,11/1996,"",-40.8347,145.0847,GPS,TAS,7.5,8.9,94953,2010,2022,99,99,*,0,*,*,#
st,091293,91,LOW HEAD,11/1997,"",-41.0547,146.7874,GPS,TAS,3,3.5,95964,2010,2022,99,99,*,0,*,*,#
st,091306,91,CRESSY RESEARCH STATION,03/1999,"",-41.7256,147.0794,GPS,TAS,148,,95969,2010,2022,99,99,*,0,*,*,#
st,091311,91,LAUNCESTON AIRPORT,06/2004,"",-41.5476,147.2156,GPS,TAS,166.9,167.4,95966,2004,2022,99,99,1,0,*,*,#
st,091331,91,CAPE GRIM,12/2010,"",-40.6764,144.6922,GPS,TAS,86,87,95954,2010,2022,99,99,*,0,*,*,#
st,091344,91,BURNIE NTC AWS,09/1992,"",-41.05,145.9149,MAP 1:250 000,TAS,0,1.3,95963,2009,2022,99,99,*,0,*,*,#
st,092012,92,FINGAL (LEGGE STREET),01/1882,11/2021,-41.6428,147.9664,GPS,TAS,237,,95974,2010,2021,99,99,*,0,*,*,#
st,092045,92,LARAPUNA (EDDYSTONE POINT),01/1908,"",-40.9928,148.3467,GPS,TAS,19.7,20.9,94983,2010,2022,99,99,*,0,*,1,#
st,092114,92,FRIENDLY BEACHES,02/1997,"",-41.9953,148.2794,GPS,TAS,55,56,94987,2010,2022,99,99,*,0,*,*,#
st,092120,92,ST HELENS AERODROME,01/2001,"",-41.3381,148.2792,GPS,TAS,48,49,95981,2009,2022,99,99,*,0,*,*,#
st,092123,92,SWAN ISLAND,10/2001,"",-40.7292,148.125,GPS,TAS,15,15.4,95985,2008,2022,83,99,*,0,*,*,#
st,092124,92,MARIA ISLAND (POINT LESUEUR),05/2004,"",-42.6621,148.0179,GPS,TAS,28,28.2,95988,2008,2022,99,99,*,0,*,*,#
st,092133,92,SPRING BAY NTC AWS,05/1991,"",-42.5464,147.9308,GPS,TAS,0,1.3,95987,2009,2022,99,99,*,0,*,*,#
st,092142,92,DARLINGTON JETTY,04/2009,02/2014,-42.578,148.0625,GPS,TAS,2,,,2009,2014,99,100,0,0,0,0,#
st,092143,92,SPRING BAY ABSLMA COMPARISON,01/2007,10/2013,-42.5464,147.9308,"",TAS,0,1.3,,2009,2013,99,99,0,0,*,0,#
st,092163,92,FINGAL (FLEMING ST),07/2022,"",-41.643,147.98,GPS,TAS,255,,95975,2022,2022,99,96,4,0,*,*,#
st,094008,94,HOBART AIRPORT WEST,01/1958,"",-42.8339,147.5033,GPS,TAS,4,27.4,94975,2000,2022,92,98,2,0,*,*,#
st,094029,94,HOBART (ELLERSLIE ROAD),01/1882,"",-42.8897,147.3278,GPS,TAS,50.5,51.4,94970,1994,2022,98,68,32,0,*,*,#
st,094041,94,MAATSUYKER ISLAND LIGHTHOUSE,10/1891,"",-43.6578,146.2711,SURVEY,TAS,146.5,147.6,94962,2011,2022,99,99,*,0,*,*,#
st,094087,94,KUNANYI (MOUNT WELLINGTON PINNACLE),01/1961,"",-42.895,147.2358,GPS,TAS,1260.5,,95979,2000,2022,96,95,3,0,*,1,#
st,094155,94,TASMAN ISLAND,01/1977,"",-43.2397,148.0025,GPS,TAS,240,241,95986,2008,2022,95,99,*,0,*,*,#
st,094191,97,HARTZ MOUNTAIN (KEOGHS PIMPLE),01/1994,"",-43.2006,146.7683,GPS,TAS,831,,94977,2010,2022,99,99,*,0,*,1,#
st,094195,94,TUNNACK FIRE STATION,08/1997,"",-42.4543,147.4612,GPS,TAS,461.5,462,94960,2010,2022,97,99,*,0,*,1,#
st,094198,94,CAPE BRUNY (CAPE BRUNY),05/1997,"",-43.4886,147.1444,GPS,TAS,59.7,60.2,95967,2010,2022,99,99,*,0,*,*,#
st,094212,94,CAMPANIA (KINCORA),04/2000,"",-42.6867,147.4258,GPS,TAS,45,,95972,2010,2022,99,99,*,0,*,*,#
st,094220,94,GROVE (RESEARCH STATION),06/2004,"",-42.9844,147.0756,GPS,TAS,65,,95977,2006,2022,97,99,1,0,*,*,#
st,094242,94,BATTERY POINT JETTY,03/2009,"",-42.8923,147.338,GPS,TAS,1.5,2.4,,2009,2022,99,99,1,0,0,0,#
st,094243,94,SOUTHPORT JETTY,06/2009,"",-43.4333,146.9748,GPS,TAS,1.7,,,2009,2022,98,100,0,0,0,0,#
st,094250,94,HOBART AIRPORT,06/2017,"",-42.8333,147.5119,GPS,TAS,2.2,2.2,94619,2017,2022,99,99,*,0,*,*,#
st,094254,94,DUNALLEY (STROUD POINT),03/2012,"",-42.9017,147.7894,GPS,TAS,12.4,12.7,94951,2012,2022,99,99,*,0,*,*,#
st,094255,94,DENNES POINT,09/2012,"",-43.0639,147.3567,GPS,TAS,5.7,7.1,94988,2012,2022,99,99,*,0,*,*,#
st,095003,95,BUSHY PARK (BUSHY PARK ESTATES),01/1874,"",-42.7097,146.8983,GPS,TAS,27,,94964,2008,2022,58,99,*,0,*,*,#
st,095048,95,OUSE FIRE STATION,10/1973,"",-42.4842,146.7106,GPS,TAS,90,91.3,94957,2010,2022,99,99,*,0,*,*,#
st,096003,96,BUTLERS GORGE,01/1941,"",-42.2753,146.2758,GPS,TAS,667,,94959,2008,2022,98,99,1,0,*,*,#
st,096033,96,LIAWENEE,01/2001,"",-41.8997,146.6694,GPS,TAS,1057,1056,95959,2009,2022,98,99,*,0,*,1,#
st,097000,97,CAPE SORELL,01/1899,"",-42.1986,145.17,GPS,TAS,19.3,19.5,94974,2011,2022,92,99,*,0,*,*,#
st,097024,97,WARRA,09/2004,"",-43.0609,146.704,GPS,TAS,495,,95962,2010,2022,97,99,*,0,*,*,#
st,097072,97,STRAHAN AERODROME,01/1976,"",-42.155,145.2908,SURVEY,TAS,21,22,94956,2007,2022,99,99,*,0,*,*,#
st,097080,97,LOW ROCKY POINT,03/1992,"",-42.9831,145.5025,GPS,TAS,34,34.5,95961,2012,2022,99,99,*,0,*,*,#
st,097083,97,SCOTTS PEAK DAM,01/1992,"",-43.0425,146.2722,GPS,TAS,408,,95958,2011,2022,99,99,*,0,*,1,#
st,097085,97,MOUNT READ,09/1996,"",-41.8444,145.5417,GPS,TAS,1119.5,1120,95952,2008,2022,92,99,*,0,*,*,#
st,098017,98,KING ISLAND AIRPORT,01/1962,"",-39.8804,143.8857,GPS,TAS,35.4,35.9,94850,2010,2022,99,99,*,0,*,*,#
st,099005,99,FLINDERS ISLAND AIRPORT,01/1942,"",-40.0911,148.0024,GPS,TAS,9,9.5,94980,2008,2022,99,99,*,0,*,*,#
st,200838,99,HOGAN ISLAND,04/1988,"",-39.2225,146.9841,GPS,TAS,116,117,94949,2010,2022,88,97,*,0,*,3,#
st,03e+05,300,DAVIS,01/1957,"",-68.5744,77.9672,GPS,ANT,18,23.2,89571,2002,2022,92,98,1,0,*,1,#
st,300001,300,MAWSON,01/1954,"",-67.6017,62.8753,GPS,ANT,9.9,16,89564,2002,2022,97,98,1,0,*,1,#
st,300004,300,MACQUARIE ISLAND,01/1948,"",-54.4994,158.9369,SURVEY,ANT,6,8.3,94998,2002,2022,97,99,1,0,*,*,#
st,300017,300,CASEY,02/1989,"",-66.2825,110.5231,GPS,ANT,40,42.3,89611,2002,2022,98,98,1,0,*,1,#
st,300050,300,WILKINS RUNWAY EAST,01/2007,"",-66.6831,111.5317,GPS,ANT,753,754.7,89615,2011,2022,-29,99,*,0,*,1,#
st,300055,300,DAVIS (WHOOP WHOOP),02/2007,"",-68.4723,78.8735,GPS,ANT,577,579,89570,2013,2022,-59,99,0,0,*,*,#
st,300060,300,CASEY SKIWAY SOUTH,01/2008,"",-66.2803,110.7615,GPS,ANT,390,398.5,89809,2010,2022,-6,99,0,0,*,1,#
st,014015,14GA,DARWIN AIRPORT,01/1941,"",-12.4239,130.8925,SURVEY,NT,30.4,31.3,94120,2001,2022,99,99,1,0,*,*,#
st,014031,14GA,CHARLES POINT,02/1996,"",-12.3895,130.6306,GPS,NT,14,15.5,99510,2014,2022,99,99,*,0,*,0,#
st,014041,14GA,MIDDLE POINT,08/2001,"",-12.605,131.2988,GPS,NT,14.1,15.4,95121,2009,2022,99,99,*,0,*,*,#
st,014046,14GA,NOONAMAH AWS,11/1997,06/2013,-12.6365,131.0714,GPS,NT,26.9,28.3,,2010,2013,96,99,*,0,*,*,#
st,014056,14GA,FISH REEF MARINE,10/2003,03/2020,-12.4322,130.4428,"",NT,13,,94114,2004,2013,-21,99,*,0,*,*,#
st,014072,14GA,DARWIN NTC AWS,05/1990,"",-12.4719,130.8458,MAP 1:250 000,NT,0,1.3,95122,2009,2022,97,99,*,0,*,*,#
st,014142,14GA,PIRLANGIMPI AIRPORT,01/1963,"",-11.4021,130.4217,GPS,NT,18.3,19.3,94119,2010,2022,96,99,*,0,*,*,#
st,014198,14GA,JABIRU AIRPORT,03/1984,"",-12.6592,132.894,GPS,NT,26.5,28,94137,2011,2022,99,99,*,0,*,*,#
st,014254,14GA,POINT STUART,09/1992,"",-12.2403,131.8785,GPS,NT,1,1.5,94127,2012,2022,89,99,*,0,*,1,#
st,014272,14GA,BATCHELOR AIRPORT,08/1992,"",-13.0544,131.0252,GPS,NT,104,105,94125,2009,2022,99,99,*,0,*,*,#
st,014274,14GA,MCCLUER ISLAND,08/1993,"",-11.0468,132.9791,GPS,NT,1.4,2.4,94135,2011,2022,98,99,*,0,*,1,#
st,014277,14GA,DUM IN MIRRIE AIRSTRIP,04/1994,"",-12.635,130.3725,GPS,NT,3.5,4.2,94116,2010,2022,93,99,*,0,*,*,#
st,014299,14DE,NGUKURR AIRPORT,06/2012,"",-14.7236,134.7456,MAP 1:250 000,NT,14.5,16,94106,2012,2022,98,99,*,0,*,*,#
st,014308,14GA,CROKER ISLAND AIRPORT,09/2012,"",-11.1629,132.4813,GPS,NT,9.2,10.6,94108,2012,2022,96,99,*,0,*,1,#
st,014704,14DE,MCARTHUR RIVER MINE AIRPORT,03/1968,"",-16.4423,136.076,GPS,NT,40,41,94239,2010,2022,98,99,*,0,*,*,#
st,014723,14DE,BORROLOOLA AIRPORT,11/1987,"",-16.0755,136.3041,GPS,NT,16.1,16.6,94152,2010,2022,95,99,*,0,*,*,#
st,014808,14F,BRADSHAW - ANGALLARI VALLEY (DEFENCE),12/2017,"",-15.4397,130.5731,GPS,NT,60,62,94221,2017,2022,98,99,*,0,*,*,#
st,014825,14F,VICTORIA RIVER DOWNS,01/1885,"",-16.403,131.0145,GPS,NT,88.5,90,94232,2013,2022,98,99,*,0,*,*,#
st,014829,14F,LAJAMANU AIRPORT,01/1952,"",-18.3324,130.6361,GPS,NT,315.6,316.6,94231,2010,2022,98,99,*,0,*,*,#
st,014850,14F,TIMBER CREEK,01/1981,"",-15.6614,130.4808,SURVEY,NT,20.1,23.1,94220,2013,2013,-10,89,0,0,0,11,#
st,014901,14GA,DOUGLAS RIVER RESEARCH FARM,08/1968,"",-13.8345,131.1872,GPS,NT,42.8,44.2,94128,2014,2022,99,99,*,0,*,*,#
st,014909,14GA,CENTRAL ARNHEM PLATEAU,07/2003,"",-13.3275,133.0861,GPS,NT,416,416.3,94141,2013,2022,89,99,*,0,*,*,#
st,014932,14GA,TINDAL RAAF,01/1969,"",-14.5229,132.3826,GPS,NT,133.6,135,94131,2002,2022,98,99,1,0,*,*,#
st,014948,14GA,PORT KEATS AIRPORT,11/1996,"",-14.2494,129.5282,GPS,NT,28,29,95111,2010,2022,97,99,*,0,*,*,#
st,014949,14GA,DELAMERE WEAPONS RANGE,03/1997,"",-15.7441,131.9181,GPS,NT,221,221.5,94225,2013,2022,90,99,*,0,*,*,#
st,014954,14F,BRADSHAW,05/1998,"",-14.9408,130.8091,GPS,NT,75,76,94130,2012,2022,98,99,*,0,*,*,#
st,014981,14F,BRADSHAW - KOOLENDONG VALLEY (DEFENCE),08/2018,"",-15.1853,130.1169,GPS,NT,42,59,94222,2018,2022,99,99,*,0,*,0,#
st,014982,14GA,KANGAROO FLATS (DEFENCE),09/2017,"",-12.7934,130.8542,"",NT,50,,94161,2017,2022,92,99,*,0,*,0,#
st,014983,14GA,MOUNT BUNDEY NORTH (DEFENCE),09/2017,"",-12.9141,131.8663,GPS,NT,83,,94162,2017,2022,99,99,*,0,*,*,#
st,014984,14GA,MOUNT BUNDEY SOUTH (DEFENCE),09/2017,"",-13.0889,131.8478,GPS,NT,55,56,94112,2017,2022,99,99,*,0,*,0,#
st,014987,14GA,DELAMERE WEAPONS RANGE CONTROL,11/2019,"",-15.7674,131.82,"",NT,221,,99225,2019,2022,96,100,0,0,0,0,#
st,014988,14GA,KNUCKEY LAGOON,07/2021,"",-12.4422,130.9556,Unknown,NT,31.6,33.1,99179,2021,2022,99,99,1,0,*,0,#
st,015131,15A,ELLIOTT,01/1949,"",-17.5552,133.5439,GPS,NT,220,223,94236,2012,2012,-10,96,0,0,0,4,#
st,015135,15A,TENNANT CREEK AIRPORT,01/1969,"",-19.6423,134.1833,GPS,NT,375.7,377.1,94238,2003,2022,98,99,1,0,*,*,#
st,015590,15B,ALICE SPRINGS AIRPORT,01/1940,"",-23.7951,133.889,GPS,NT,546,547,94326,2003,2022,99,99,1,0,*,*,#
st,015602,15B,JERVOIS,01/1966,"",-22.9494,136.1442,GPS,NT,328,329,94327,2013,2022,97,99,*,0,*,*,#
st,015635,15B,YULARA AIRPORT,06/1983,"",-25.1896,130.9737,GPS,NT,492,492.5,94462,2005,2022,94,99,1,0,*,*,#
st,015643,15B,TERRITORY GRAPE FARM,05/1987,"",-22.4518,133.6377,GPS,NT,565.6,567,94328,2010,2022,99,99,*,0,*,*,#
st,015664,15B,WALUNGURRU AIRPORT,09/2001,"",-23.2656,129.3844,GPS,NT,454.3,455.3,94321,2012,2022,95,99,*,0,*,*,#
st,015666,15B,RABBIT FLAT,06/1996,"",-20.1823,130.0148,GPS,NT,340,341.5,95322,2013,2022,90,99,*,0,*,*,#
st,200731,14GA,POINT FAWCETT,07/1971,"",-11.7628,130.03,"",NT,6.5,7.5,94122,2012,2022,94,99,*,0,*,*,#
st,200782,14BC,NORTH EAST ISLAND,01/1971,07/2014,-13.6449,136.9445,GPS,NT,17.4,18.3,,2010,2014,97,99,0,0,*,0,#
st,200786,14BC,CAPE WESSEL,01/1968,"",-11.0047,136.7586,GPS,NT,18,19.2,94147,2011,2022,89,99,*,0,1,*,#
st,014309,14GA,MURGANELLA AIRSTRIP,10/2012,"",-11.5485,132.9266,GPS,NT,9.5,10.9,94109,2012,2022,96,99,*,0,*,1,#
st,014310,14GA,OENPELLI AIRPORT,09/2012,"",-12.3272,133.0069,GPS,NT,7.5,8.9,94110,2012,2022,93,99,*,0,*,*,#
st,014314,14GA,NOONAMAH AIRSTRIP,06/2013,"",-12.6099,131.0474,GPS,NT,17.5,18.9,94105,2013,2022,99,99,*,0,*,0,#
st,014401,14BC,WARRUWI AIRPORT,01/1916,"",-11.65,133.3797,GPS,NT,19.2,19.7,94139,2010,2022,97,99,*,0,*,*,#
st,014404,14BC,MILINGIMBI AIRPORT,03/2003,"",-12.0932,134.8919,GPS,NT,15,16.5,94140,2011,2022,94,99,*,0,*,*,#
st,014405,14BC,MANINGRIDA AIRPORT,10/2003,"",-12.0569,134.2339,SURVEY,NT,28.1,29.6,95142,2010,2022,95,99,*,0,*,*,#
st,014406,14BC,GROOTE EYLANDT NTC AWS,09/1993,"",-13.86,136.4158,MAP 1:250 000,NT,0,1.2,94154,2009,2022,95,99,*,0,*,*,#
st,014409,14BC,GROOTE EYLANDT ABSLMA COMPARISON,01/2007,"",-13.86,136.4158,"",NT,0,1.2,,2009,2012,97,99,*,0,*,0,#
st,014508,14BC,GOVE AIRPORT,01/1944,"",-12.2741,136.8201,GPS,NT,51.6,53.2,94150,2002,2022,98,99,1,0,*,*,#
st,014517,14BC,NGAYAWILI,10/1999,"",-11.9971,135.5726,GPS,NT,8.1,9.1,95146,2010,2022,89,99,*,0,*,*,#
st,014518,14BC,GROOTE EYLANDT AIRPORT,04/1999,"",-13.9746,136.463,GPS,NT,13.7,14.2,94153,2010,2022,98,99,*,0,*,*,#
st,014626,14DE,DALY WATERS AIRSTRIP,01/1939,"",-16.2637,133.3782,GPS,NT,209.8,211.4,94234,2010,2022,99,99,*,0,*,*,#
st,014627,14DE,BULMAN,10/2002,"",-13.6715,134.3415,GPS,NT,103.4,104.7,94143,2014,2022,96,99,*,0,*,*,#
st,014703,14DE,CENTRE ISLAND,01/1968,"",-15.7426,136.8192,GPS,NT,12.2,12.7,94248,2013,2022,96,99,*,0,*,*,#
st,076031,76,MILDURA AIRPORT,08/1946,"",-34.2358,142.0867,GPS,VIC,50,51.1,94693,2002,2022,99,99,1,0,*,*,#
st,076064,76,WALPEUP RESEARCH,01/1939,"",-35.1201,142.004,GPS,VIC,105,,95831,2010,2022,99,99,*,0,*,*,#
st,077010,77,HOPETOUN AIRPORT,06/2004,"",-35.7151,142.3569,GPS,VIC,77.3,77.9,94838,2010,2022,99,99,*,0,*,*,#
st,077011,77,WAGON FLAT,04/2020,"",-35.8726,141.3884,GPS,VIC,135,,99893,2020,2021,92,100,0,0,0,0,#
st,077094,77,SWAN HILL AERODROME,12/1996,"",-35.3766,143.5416,GPS,VIC,71,71.1,94843,2010,2022,99,99,*,0,*,*,#
st,078013,78,GERANG GERUNG,09/1897,"",-36.3986,141.8797,GPS,VIC,140,,,2020,2020,98,100,0,0,0,0,#
st,078015,78,NHILL AERODROME,06/2003,"",-36.3093,141.6486,GPS,VIC,138.9,139.5,94827,2010,2022,99,99,*,0,*,*,#
st,078018,78,KELLALAC (WARRACKNABEAL AIRPORT),12/2016,"",-36.3204,142.4161,GPS,VIC,118.3,118.9,94920,2016,2022,98,99,*,0,*,1,#
st,079016,79,WARRANOOKE (GLENORCHY),01/1878,"",-36.7281,142.7303,GPS,VIC,150,,,2020,2020,99,100,0,0,0,0,#
st,079028,79,LONGERENONG,01/1860,"",-36.6722,142.2991,GPS,VIC,133,,95835,2010,2022,99,99,*,0,*,*,#
st,079097,79,KANAGULK,05/2004,"",-37.1169,141.8031,GPS,VIC,188.8,189.4,95827,2011,2022,99,99,*,0,*,*,#
st,079099,79,EDENHOPE AIRPORT,03/2005,"",-37.0222,141.2657,GPS,VIC,155,,95832,2006,2022,50,99,*,0,*,*,#
st,079100,79,HORSHAM AERODROME,10/1990,"",-36.6699,142.1733,GPS,VIC,133.8,134.4,95839,2010,2022,96,99,*,0,*,*,#
st,079101,79,PYRENEES (BEN NEVIS),02/2007,"",-37.2281,143.2005,GPS,VIC,875,,94835,2008,2022,97,99,*,0,*,*,#
st,079102,79,MAROO WEST (WARRANOOKE (GLENORCHY) COMPA,03/2021,"",-36.7259,142.7294,GPS,VIC,150,,99890,2020,2021,99,100,0,0,0,0,#
st,079103,79,GRAMPIANS (MOUNT WILLIAM),12/2005,"",-37.295,142.6039,GPS,VIC,1150,,94833,2005,2022,44,96,*,0,*,4,#
st,079105,79,STAWELL AERODROME,02/1996,"",-37.072,142.7402,GPS,VIC,235.4,235.7,94836,2010,2022,96,99,*,0,*,*,#
st,079107,79,PATYAH (BOOROOPKI),01/1998,"",-36.8128,141.2592,GPS,VIC,140,,,2020,2020,98,100,0,0,0,0,#
st,080091,80,KYABRAM,01/1964,"",-36.335,145.0638,GPS,VIC,105,,95833,2010,2022,98,99,*,0,*,1,#
st,080128,80,CHARLTON,07/2004,"",-36.2846,143.3341,GPS,VIC,131.7,132.2,94839,2010,2022,99,99,*,0,*,*,#
st,081049,81,TATURA INST SUSTAINABLE AG,01/1942,"",-36.4379,145.2673,GPS,VIC,114,,95836,2010,2022,99,99,*,0,*,*,#
st,081123,81,BENDIGO AIRPORT,10/1991,"",-36.7411,144.3274,GPS,VIC,209.2,210,94855,2010,2022,98,99,*,0,*,*,#
st,081124,81,YARRAWONGA,05/1993,"",-36.0294,146.0305,GPS,VIC,128.9,129.2,94862,2002,2022,96,99,1,0,*,*,#
st,081125,81,SHEPPARTON AIRPORT,05/1996,"",-36.4288,145.3949,GPS,VIC,113.9,114.5,94875,2010,2022,99,99,*,0,*,*,#
st,082039,82,RUTHERGLEN RESEARCH,01/1913,"",-36.1048,146.5094,GPS,VIC,175,,95837,2010,2022,98,99,*,0,*,1,#
st,082138,82,WANGARATTA AERO,05/1987,"",-36.4205,146.3056,GPS,VIC,152.6,153.2,94889,2010,2022,98,99,*,0,*,*,#
st,082139,82,HUNTERS HILL,04/1993,"",-36.2137,147.5395,GPS,VIC,981,,94878,2010,2022,98,98,*,0,*,2,#
st,083024,83,MOUNT BULLER,06/1948,"",-37.145,146.4394,GPS,VIC,1707,,94894,2010,2022,99,99,*,0,*,*,#
st,083084,83,FALLS CREEK,09/1990,"",-36.8708,147.2755,GPS,VIC,1765,1770.8,94903,2010,2022,93,98,*,0,*,2,#
st,083085,83,MOUNT HOTHAM,08/1990,"",-36.9772,147.1342,GPS,VIC,1849,,94906,2010,2022,96,99,*,0,*,*,#
st,083090,83,OMEO,08/2004,"",-37.1017,147.6008,GPS,VIC,689.8,690.4,94908,2010,2022,99,99,*,0,*,*,#
st,084016,84,GABO ISLAND LIGHTHOUSE,06/1859,"",-37.5679,149.9158,GPS,VIC,15,15,94933,2010,2022,92,99,*,0,*,*,#
st,084084,84,MALLACOOTA,01/1974,"",-37.5976,149.7289,GPS,VIC,22,22.5,94935,2010,2022,98,99,*,0,*,*,#
st,084142,84,GELANTIPY,05/1992,"",-37.22,148.2626,GPS,VIC,755,756,94913,2010,2022,98,99,*,0,*,*,#
st,084143,84,COMBIENBAR AWS,06/1994,"",-37.3416,149.0227,GPS,VIC,640,641,94914,2010,2022,97,99,*,0,*,*,#
st,084144,84,MOUNT NOWA NOWA,10/1995,"",-37.6924,148.0908,GPS,VIC,350,,94930,2010,2022,99,99,*,0,*,*,#
st,084145,84,ORBOST,11/2000,"",-37.6922,148.4667,GPS,VIC,62.7,63.3,95918,2010,2022,98,99,*,0,*,*,#
st,085072,85,EAST SALE,04/1943,"",-38.1156,147.1323,GPS,VIC,4.6,8.2,94907,2000,2022,97,96,4,0,*,*,#
st,085096,85,WILSONS PROMONTORY LIGHTHOUSE,01/1872,"",-39.1297,146.4246,GPS,VIC,95,97.2,94893,2010,2022,92,99,*,0,*,1,#
st,085099,85,POUND CREEK,04/2007,"",-38.6297,145.8107,GPS,VIC,3,3.6,94886,2010,2022,99,99,*,0,*,*,#
st,085151,85,YARRAM AIRPORT,10/2007,"",-38.5647,146.7479,GPS,VIC,17.9,18.5,95890,2010,2022,99,99,*,0,*,*,#
st,085279,85,BAIRNSDALE AIRPORT,07/1942,"",-37.8818,147.5669,GPS,VIC,49.4,49.8,94912,2008,2022,99,99,*,0,*,*,#
st,085280,85,MORWELL (LATROBE VALLEY AIRPORT),01/1984,"",-38.2094,146.4746,GPS,VIC,55.7,56.3,94891,2005,2022,95,99,1,0,*,*,#
st,085291,85,MOUNT BAW BAW,09/1991,"",-37.8384,146.2747,GPS,VIC,1561,,95901,2011,2022,96,99,*,0,*,*,#
st,085296,85,MOUNT MOORNAPA,12/1993,"",-37.7481,147.1428,GPS,VIC,480,,95913,2010,2022,98,99,*,0,*,*,#
st,085301,85,CORNER INLET (YANAKIE),01/2013,"",-38.8051,146.1936,GPS,VIC,13.3,13.9,94911,2013,2022,97,99,*,0,*,*,#
st,085313,85,NILMA NORTH (WARRAGUL),01/2014,"",-38.1321,145.9865,GPS,VIC,134.1,134.4,99806,2014,2022,99,99,*,0,*,1,#
st,085314,85,EAST SALE AIRPORT,09/2017,"",-38.1016,147.1398,GPS,VIC,5.3,5.8,95907,2017,2022,99,99,*,0,*,*,#
st,086038,86,ESSENDON AIRPORT,01/1929,"",-37.7276,144.9066,GPS,VIC,78.4,78.8,95866,2003,2022,97,99,1,0,*,*,#
st,086068,86,VIEWBANK,09/1999,"",-37.7408,145.0972,GPS,VIC,66.1,66.4,95874,2001,2022,96,99,1,0,*,*,#
st,086071,86,MELBOURNE REGIONAL OFFICE,01/1908,01/2015,-37.8075,144.97,GPS,VIC,31.2,32.2,94868,1997,2015,89,72,28,0,*,*,#
st,086077,86,MOORABBIN AIRPORT,07/1950,"",-37.98,145.0962,GPS,VIC,12.1,12.7,94870,1997,2022,96,85,15,0,*,*,#
st,086104,86,SCORESBY RESEARCH INSTITUTE,01/1948,"",-37.871,145.2561,GPS,VIC,80,,95867,2005,2022,97,99,1,0,*,*,#
st,086220,86,ST KILDA HARBOUR - RMYS,02/2006,"",-37.864,144.9639,GPS,VIC,6.4,,95864,2006,2022,97,97,3,0,*,*,#
st,086266,86,FERNY CREEK,03/2011,"",-37.8748,145.3497,GPS,VIC,512.9,513.4,94872,2011,2022,99,99,*,0,*,1,#
st,086282,86,MELBOURNE AIRPORT,06/1970,"",-37.6654,144.8322,GPS,VIC,113.4,115.7,94866,1997,2022,94,87,12,0,*,*,#
st,086338,86,MELBOURNE (OLYMPIC PARK),05/2013,"",-37.8255,144.9816,SURVEY,VIC,7.5,7.5,95936,2002,2022,-8,99,*,0,*,*,#
st,086344,86,SOUTH CHANNEL ISLAND,01/1975,"",-38.3065,144.8016,GPS,VIC,9,,94853,1998,2022,66,97,3,0,*,*,#
st,086361,86,CERBERUS,08/1986,"",-38.3646,145.1785,GPS,VIC,12.7,13.7,94898,2002,2022,99,99,1,0,*,*,#
st,086371,86,FRANKSTON BEACH,07/1990,"",-38.148,145.1152,GPS,VIC,6,,94871,1997,2022,96,73,27,0,*,*,#
st,086372,86,FERNY CREEK (DUNNS HILL),01/1990,07/2011,-37.8775,145.3364,"",VIC,561,,,1997,2011,91,60,39,0,*,*,#
st,086373,86,RHYLL,06/1990,"",-38.4612,145.3101,GPS,VIC,13.4,14,94892,2007,2022,98,99,*,0,*,*,#
st,086376,86,FAWKNER BEACON,01/1988,"",-37.9483,144.9269,GPS,VIC,17,,95872,1997,2022,93,57,43,0,*,*,#
st,086381,86,MELBOURNE HARBOUR CONTROL,11/1991,11/1999,-37.8208,144.9325,"",VIC,39.6,,,1997,1999,97,0,100,0,0,0,#
st,086383,86,COLDSTREAM,10/1994,"",-37.7239,145.4092,GPS,VIC,83,83.9,94864,2007,2022,99,99,*,0,*,*,#
st,086388,86,FRANKSTON (BALLAM PARK),06/2020,"",-38.1517,145.1615,GPS,VIC,58.5,59,94876,2020,2022,99,99,*,0,*,*,#
st,086395,86,MELBOURNE AIRPORT (NORTH ANEMOMETER),07/1997,"",-37.6577,144.8333,GPS,VIC,127,,,2001,2022,99,98,2,0,*,0,#
st,086396,86,MELBOURNE AIRPORT (SOUTH ANEMOMETER),07/1997,"",-37.6832,144.8383,GPS,VIC,99,,,2001,2022,99,98,2,0,*,0,#
st,086397,86,MELBOURNE AIRPORT (EAST ANEMOMETER),07/1997,"",-37.6602,144.8443,GPS,VIC,122,,,2001,2022,97,98,2,0,*,0,#
st,086398,86,MELBOURNE AIRPORT (WEST ANEMOMETER),07/1997,"",-37.6624,144.8193,GPS,VIC,117,,,2001,2022,97,98,2,0,*,0,#
st,087031,87,LAVERTON RAAF,01/1941,"",-37.8565,144.7565,GPS,VIC,20.1,20.4,94865,2001,2022,98,99,1,0,*,*,#
st,087113,87,AVALON AIRPORT,01/1965,"",-38.0288,144.4783,GPS,VIC,10.6,10.9,94854,2002,2022,97,99,1,0,*,*,#
st,087163,87,GROVEDALE (GEELONG AIRPORT),10/1983,08/2011,-38.2241,144.3345,GPS,VIC,33.4,34.6,,2007,2011,94,99,1,0,*,*,#
st,087166,87,POINT WILSON,09/1990,"",-38.0958,144.5361,GPS,VIC,18,,94847,1997,2020,84,62,38,0,*,*,#
st,087168,87,SHE OAKS,06/1990,"",-37.9075,144.1303,GPS,VIC,236.7,237.3,94863,2007,2022,97,99,*,0,*,*,#
st,087179,87,MELTON (MELBOURNE AIRPORT),09/2021,"",-37.621,144.5689,GPS,VIC,208,,99879,2021,2022,97,97,3,0,0,0,#
st,087184,87,BREAKWATER (GEELONG RACECOURSE),06/2011,"",-38.1737,144.3765,GPS,VIC,12.9,13.4,94857,2011,2022,99,99,*,0,*,*,#
st,087185,87,POINT COOK RAAF,12/2021,"",-37.9273,144.7566,SURVEY,VIC,3.1,3.9,95941,2021,2022,97,99,1,0,*,*,#
st,088051,88,REDESDALE,01/1903,"",-37.0194,144.5203,GPS,VIC,290,,94859,2007,2022,97,99,*,0,*,*,#
st,088109,88,MANGALORE AIRPORT,01/1957,"",-36.8886,145.1859,GPS,VIC,140.8,141.4,94874,2007,2022,98,99,*,0,*,*,#
st,088162,88,WALLAN (KILMORE GAP),12/1993,"",-37.3807,144.9654,GPS,VIC,527.8,528.4,94860,2001,2022,96,99,1,0,*,*,#
st,088164,88,EILDON FIRE TOWER,11/1995,"",-37.2091,145.8423,GPS,VIC,637,,94881,2007,2022,99,99,*,0,*,*,#
st,088166,88,PUCKAPUNYAL WEST (DEFENCE),10/2018,"",-37.0177,144.8546,GPS,VIC,293,,94856,2018,2022,99,99,*,0,*,*,#
st,088167,88,PUCKAPUNYAL LYON HILL (DEFENCE),10/2018,"",-36.9381,145.0539,GPS,VIC,193,,94858,2018,2022,99,99,*,0,*,*,#
st,089002,89,BALLARAT AERODROME,03/1908,"",-37.5127,143.7911,GPS,VIC,435.2,435.6,94852,2005,2022,97,99,1,0,*,*,#
st,089112,89,WESTMERE,02/2006,"",-37.7067,142.9378,GPS,VIC,226,226.9,95840,2008,2022,98,99,*,0,*,1,#
st,090015,90,CAPE OTWAY LIGHTHOUSE,01/1861,"",-38.8557,143.513,GPS,VIC,80,81,94842,2010,2022,98,99,*,0,*,*,#
st,090035,90,COLAC (MOUNT GELLIBRAND),07/2000,"",-38.2332,143.7924,GPS,VIC,261,262,95845,2007,2022,98,95,*,0,*,5,#
st,090171,90,PORTLAND (CASHMORE AIRPORT),06/1982,"",-38.3148,141.4705,GPS,VIC,80.9,81.5,94828,2009,2022,98,99,*,0,*,*,#
st,090173,90,HAMILTON AIRPORT,07/1983,"",-37.6486,142.0636,GPS,VIC,241.1,241.7,94829,2010,2022,99,99,*,0,*,*,#
st,090175,90,PORT FAIRY AWS,10/1990,"",-38.3906,142.2347,GPS,VIC,10,10.2,94830,2010,2022,99,99,*,0,*,*,#
st,090176,90,MORTLAKE RACECOURSE,01/1990,"",-38.0737,142.7744,GPS,VIC,130,131,94840,2010,2022,99,99,*,0,*,1,#
st,090180,90,AIREYS INLET,07/1990,"",-38.4583,144.0883,GPS,VIC,105,,94846,2007,2022,98,99,*,0,*,*,#
st,090182,90,CASTERTON,02/2005,"",-37.5831,141.334,GPS,VIC,130.6,131.2,95825,2005,2022,49,99,*,0,*,1,#
st,090184,90,CAPE NELSON LIGHTHOUSE,12/1995,"",-38.4306,141.5437,GPS,VIC,45.4,46.6,94826,2010,2022,98,99,*,0,*,*,#
st,090186,90,WARRNAMBOOL AIRPORT NDB,09/1998,"",-38.2869,142.4525,GPS,VIC,70.8,71.4,94837,2010,2022,99,99,*,0,*,*,#
st,090192,90,PORTLAND NTC AWS,05/1991,"",-38.3439,141.6136,GPS,VIC,0,1.3,95826,2009,2022,99,99,*,0,*,*,#
st,090194,90,DARTMOOR,03/2009,"",-37.9222,141.2614,GPS,VIC,51,51.5,95822,2009,2022,89,99,*,0,*,1,#
st,90666,27,ATLANTIS,01/2019,"",-25.123,142.123,GPS,QLD,12.3,12.7,94166,2019,2022,100,100,*,0,*,*,#
